Type, GameLimit, MoveLimit, C, Win, MedalLeft, MovesMade, Score, Duration
r: 1; m: 15; i_r: 5, 100, 5, 1.4, 1, 0, 11, 188182, 15.098
r: 1; m: 15; i_r: 5, 100, 5, 1.4, 1, 0, 13, 137077, 16.541
r: 1; m: 15; i_r: 5, 100, 5, 1.4, 1, 0, 20, 93000, 23.787
r: 1; m: 15; i_r: 5, 100, 5, 1.4, 1, 0, 10, 130600, 13.358
r: 1; m: 15; i_r: 5, 100, 5, 1.4, 1, 0, 11, 261818, 14.194
r: 1; m: 15; i_r: 5, 100, 5, 1.4, 1, 0, 9, 312444, 11.953
r: 1; m: 15; i_r: 5, 100, 5, 1.4, 1, 0, 12, 132167, 16.315
r: 1; m: 15; i_r: 5, 100, 5, 1.4, 1, 0, 7, 256000, 9.196
r: 1; m: 15; i_r: 5, 100, 5, 1.4, 1, 0, 10, 111000, 12.243
r: 1; m: 15; i_r: 5, 100, 5, 1.4, 1, 0, 6, 248667, 7.485
r: 1; m: 15; i_r: 5, 100, 5, 1.4, 1, 0, 18, 103889, 21.221
r: 1; m: 15; i_r: 5, 100, 5, 1.4, 1, 0, 16, 144875, 25.672
r: 1; m: 15; i_r: 5, 100, 5, 1.4, 0, 1, 20, 86500, 23.378
r: 1; m: 15; i_r: 5, 100, 5, 1.4, 1, 0, 14, 119429, 16.749
r: 1; m: 15; i_r: 5, 100, 5, 1.4, 1, 0, 8, 312250, 10.005
r: 1; m: 15; i_r: 5, 100, 5, 1.4, 1, 0, 11, 103091, 12.939
r: 1; m: 15; i_r: 5, 100, 5, 1.4, 1, 0, 17, 212706, 21.619
r: 1; m: 15; i_r: 5, 100, 5, 1.4, 1, 0, 8, 154250, 10.048
r: 1; m: 15; i_r: 5, 100, 5, 1.4, 1, 0, 18, 74222, 23.340
r: 1; m: 15; i_r: 5, 100, 5, 1.4, 1, 0, 19, 90947, 22.598
r: 1; m: 15; i_r: 5, 100, 5, 1.4, 1, 0, 19, 140211, 22.723
r: 1; m: 15; i_r: 5, 100, 5, 1.4, 1, 0, 8, 245000, 9.814
r: 1; m: 15; i_r: 5, 100, 5, 1.4, 1, 0, 7, 285429, 9.421
r: 1; m: 15; i_r: 5, 100, 5, 1.4, 1, 0, 7, 298571, 8.647
r: 1; m: 15; i_r: 5, 100, 5, 1.4, 1, 0, 7, 369714, 8.530
r: 1; m: 15; i_r: 5, 100, 5, 1.4, 1, 0, 16, 87000, 19.427
r: 1; m: 15; i_r: 5, 100, 5, 1.4, 1, 0, 20, 75300, 23.166
r: 1; m: 15; i_r: 5, 100, 5, 1.4, 0, 1, 20, 86900, 30.860
r: 1; m: 15; i_r: 5, 100, 5, 1.4, 1, 0, 10, 116800, 15.089
r: 1; m: 15; i_r: 5, 100, 5, 1.4, 1, 0, 8, 195500, 12.408
r: 1; m: 15; i_r: 5, 100, 5, 1.4, 1, 0, 15, 122533, 22.059
r: 1; m: 15; i_r: 5, 100, 5, 1.4, 0, 1, 20, 105500, 23.387
r: 1; m: 15; i_r: 5, 100, 5, 1.4, 1, 0, 15, 81467, 18.822
r: 1; m: 15; i_r: 5, 100, 5, 1.4, 1, 0, 11, 155455, 13.794
r: 1; m: 15; i_r: 5, 100, 5, 1.4, 1, 0, 9, 135333, 10.949
r: 1; m: 15; i_r: 5, 100, 5, 1.4, 1, 0, 7, 187143, 9.116
r: 1; m: 15; i_r: 5, 100, 5, 1.4, 0, 1, 20, 75600, 22.328
r: 1; m: 15; i_r: 5, 100, 5, 1.4, 0, 1, 20, 64300, 22.396
r: 1; m: 15; i_r: 5, 100, 5, 1.4, 1, 0, 8, 181750, 9.846
r: 1; m: 15; i_r: 5, 100, 5, 1.4, 1, 0, 18, 95000, 21.929
r: 1; m: 15; i_r: 5, 100, 5, 1.4, 1, 0, 14, 88286, 17.842
r: 1; m: 15; i_r: 5, 100, 5, 1.4, 1, 0, 11, 125273, 13.411
r: 1; m: 15; i_r: 5, 100, 5, 1.4, 1, 0, 7, 212000, 8.498
r: 1; m: 15; i_r: 5, 100, 5, 1.4, 1, 0, 9, 205556, 11.702
r: 1; m: 15; i_r: 5, 100, 5, 1.4, 1, 0, 12, 126000, 26.146
r: 1; m: 15; i_r: 5, 100, 5, 1.4, 1, 0, 7, 342571, 9.024
r: 1; m: 15; i_r: 5, 100, 5, 1.4, 1, 0, 5, 407600, 6.254
r: 1; m: 15; i_r: 5, 100, 5, 1.4, 1, 0, 12, 105167, 15.392
r: 1; m: 15; i_r: 5, 100, 5, 1.4, 1, 0, 20, 92700, 26.441
r: 1; m: 15; i_r: 5, 100, 5, 1.4, 1, 0, 9, 173333, 13.460
r: 1; m: 15; i_r: 5, 100, 5, 1.4, 1, 0, 6, 232333, 7.262
r: 1; m: 15; i_r: 5, 100, 5, 1.4, 1, 0, 13, 130308, 16.597
r: 1; m: 15; i_r: 5, 100, 5, 1.4, 1, 0, 13, 123846, 20.401
r: 1; m: 15; i_r: 5, 100, 5, 1.4, 1, 0, 5, 548400, 6.280
r: 1; m: 15; i_r: 5, 100, 5, 1.4, 1, 0, 10, 152800, 12.243
r: 1; m: 15; i_r: 5, 100, 5, 1.4, 1, 0, 5, 248400, 6.112
r: 1; m: 15; i_r: 5, 100, 5, 1.4, 1, 0, 13, 118615, 15.309
r: 1; m: 15; i_r: 5, 100, 5, 1.4, 0, 1, 20, 78900, 22.075
r: 1; m: 15; i_r: 5, 100, 5, 1.4, 1, 0, 9, 127778, 11.442
r: 1; m: 15; i_r: 5, 100, 5, 1.4, 0, 1, 20, 61000, 22.689
r: 1; m: 15; i_r: 5, 100, 5, 1.4, 1, 0, 11, 134909, 14.385
r: 1; m: 15; i_r: 5, 100, 5, 1.4, 1, 0, 13, 199538, 16.687
r: 1; m: 15; i_r: 5, 100, 5, 1.4, 1, 0, 16, 113500, 19.506
r: 1; m: 15; i_r: 5, 100, 5, 1.4, 0, 1, 20, 64300, 22.833
r: 1; m: 15; i_r: 5, 100, 5, 1.4, 1, 0, 18, 81444, 21.873
r: 1; m: 15; i_r: 5, 100, 5, 1.4, 1, 0, 11, 188909, 16.631
r: 1; m: 15; i_r: 5, 100, 5, 1.4, 0, 1, 20, 69500, 22.875
r: 1; m: 15; i_r: 5, 100, 5, 1.4, 1, 0, 19, 121368, 27.195
r: 1; m: 15; i_r: 5, 100, 5, 1.4, 1, 0, 7, 214857, 8.974
r: 1; m: 15; i_r: 5, 100, 5, 1.4, 1, 0, 10, 138400, 12.463
r: 1; m: 15; i_r: 5, 100, 5, 1.4, 1, 0, 19, 73368, 33.148
r: 1; m: 15; i_r: 5, 100, 5, 1.4, 0, 1, 20, 52100, 23.053
r: 1; m: 15; i_r: 5, 100, 5, 1.4, 1, 0, 20, 100900, 22.205
r: 1; m: 15; i_r: 5, 100, 5, 1.4, 1, 0, 13, 125385, 15.847
r: 1; m: 15; i_r: 5, 100, 5, 1.4, 1, 0, 9, 154000, 12.486
r: 1; m: 15; i_r: 5, 100, 5, 1.4, 1, 0, 20, 84600, 25.401
r: 1; m: 15; i_r: 5, 100, 5, 1.4, 1, 0, 7, 223143, 8.057
r: 1; m: 15; i_r: 5, 100, 5, 1.4, 1, 0, 6, 241667, 7.905
r: 1; m: 15; i_r: 5, 100, 5, 1.4, 0, 1, 20, 54800, 23.586
r: 1; m: 15; i_r: 5, 100, 5, 1.4, 1, 0, 12, 171667, 14.680
r: 1; m: 15; i_r: 5, 100, 5, 1.4, 1, 0, 8, 281500, 13.542
r: 1; m: 15; i_r: 5, 100, 5, 1.4, 1, 0, 9, 165556, 16.086
r: 1; m: 15; i_r: 5, 100, 5, 1.4, 1, 0, 8, 143250, 9.968
r: 1; m: 15; i_r: 5, 100, 5, 1.4, 1, 0, 11, 100909, 13.462
r: 1; m: 15; i_r: 5, 100, 5, 1.4, 1, 0, 11, 220182, 13.188
r: 1; m: 15; i_r: 5, 100, 5, 1.4, 0, 1, 20, 52000, 22.254
r: 1; m: 15; i_r: 5, 100, 5, 1.4, 1, 0, 9, 201333, 16.540
r: 1; m: 15; i_r: 5, 100, 5, 1.4, 1, 0, 13, 122923, 17.108
r: 1; m: 15; i_r: 5, 100, 5, 1.4, 0, 1, 20, 95800, 23.479
r: 1; m: 15; i_r: 5, 100, 5, 1.4, 1, 0, 15, 104000, 19.080
r: 1; m: 15; i_r: 5, 100, 5, 1.4, 1, 0, 12, 97500, 14.943
r: 1; m: 15; i_r: 5, 100, 5, 1.4, 0, 1, 20, 67700, 22.750
r: 1; m: 15; i_r: 5, 100, 5, 1.4, 1, 0, 9, 201556, 11.549
r: 1; m: 15; i_r: 5, 100, 5, 1.4, 1, 0, 12, 137333, 15.696
r: 1; m: 15; i_r: 5, 100, 5, 1.4, 0, 1, 20, 55900, 23.027
r: 1; m: 15; i_r: 5, 100, 5, 1.4, 1, 0, 11, 134909, 14.292
r: 1; m: 15; i_r: 5, 100, 5, 1.4, 1, 0, 12, 97167, 17.746
r: 1; m: 15; i_r: 5, 100, 5, 1.4, 1, 0, 9, 358889, 13.467
r: 1; m: 15; i_r: 5, 100, 5, 1.4, 1, 0, 12, 155833, 15.089
r: 1; m: 15; i_r: 5, 100, 5, 1.4, 1, 0, 16, 81250, 22.031
r: 1; m: 10; i_r: 5, 100, 5, 1.4, 1, 0, 4, 458500, 4.930
r: 1; m: 10; i_r: 5, 100, 5, 1.4, 1, 0, 8, 145500, 9.086
r: 1; m: 10; i_r: 5, 100, 5, 1.4, 1, 0, 9, 216000, 10.551
r: 1; m: 10; i_r: 5, 100, 5, 1.4, 1, 0, 10, 139800, 11.258
r: 1; m: 10; i_r: 5, 100, 5, 1.4, 1, 0, 10, 232000, 11.307
r: 1; m: 10; i_r: 5, 100, 5, 1.4, 1, 0, 14, 122714, 15.888
r: 1; m: 10; i_r: 5, 100, 5, 1.4, 1, 0, 17, 92588, 19.216
r: 1; m: 10; i_r: 5, 100, 5, 1.4, 1, 0, 12, 107333, 13.481
r: 1; m: 10; i_r: 5, 100, 5, 1.4, 1, 0, 9, 147333, 10.306
r: 1; m: 10; i_r: 5, 100, 5, 1.4, 1, 0, 10, 169800, 11.268
r: 1; m: 10; i_r: 5, 100, 5, 1.4, 1, 0, 17, 118588, 19.050
r: 1; m: 10; i_r: 5, 100, 5, 1.4, 1, 0, 14, 173429, 15.392
r: 1; m: 10; i_r: 5, 100, 5, 1.4, 1, 0, 12, 129833, 13.186
r: 1; m: 10; i_r: 5, 100, 5, 1.4, 1, 0, 16, 114250, 19.096
r: 1; m: 10; i_r: 5, 100, 5, 1.4, 1, 0, 11, 105273, 15.807
r: 1; m: 10; i_r: 5, 100, 5, 1.4, 0, 1, 20, 55600, 28.056
r: 1; m: 10; i_r: 5, 100, 5, 1.4, 1, 0, 11, 207818, 13.344
r: 1; m: 10; i_r: 5, 100, 5, 1.4, 1, 0, 13, 120923, 16.019
r: 1; m: 10; i_r: 5, 100, 5, 1.4, 1, 0, 14, 86143, 16.995
r: 1; m: 10; i_r: 5, 100, 5, 1.4, 1, 0, 12, 187833, 14.128
r: 1; m: 10; i_r: 5, 100, 5, 1.4, 1, 0, 7, 252571, 8.557
r: 1; m: 10; i_r: 5, 100, 5, 1.4, 1, 0, 11, 121818, 13.495
r: 1; m: 10; i_r: 5, 100, 5, 1.4, 1, 0, 18, 85111, 21.085
r: 1; m: 10; i_r: 5, 100, 5, 1.4, 0, 1, 20, 64500, 22.796
r: 1; m: 10; i_r: 5, 100, 5, 1.4, 1, 0, 8, 313500, 9.819
r: 1; m: 10; i_r: 5, 100, 5, 1.4, 1, 0, 12, 107000, 14.988
r: 1; m: 10; i_r: 5, 100, 5, 1.4, 1, 0, 11, 113818, 13.131
r: 1; m: 10; i_r: 5, 100, 5, 1.4, 1, 0, 17, 145294, 20.347
r: 1; m: 10; i_r: 5, 100, 5, 1.4, 1, 0, 9, 212222, 10.892
r: 1; m: 10; i_r: 5, 100, 5, 1.4, 1, 0, 10, 148400, 12.527
r: 1; m: 10; i_r: 5, 100, 5, 1.4, 1, 0, 18, 121556, 20.568
r: 1; m: 10; i_r: 5, 100, 5, 1.4, 1, 0, 11, 195818, 13.421
r: 1; m: 10; i_r: 5, 100, 5, 1.4, 1, 0, 11, 236182, 12.831
r: 1; m: 10; i_r: 5, 100, 5, 1.4, 1, 0, 18, 133889, 20.536
r: 1; m: 10; i_r: 5, 100, 5, 1.4, 0, 1, 20, 82900, 22.357
r: 1; m: 10; i_r: 5, 100, 5, 1.4, 1, 0, 8, 163000, 9.330
r: 1; m: 10; i_r: 5, 100, 5, 1.4, 1, 0, 18, 101333, 20.695
r: 1; m: 10; i_r: 5, 100, 5, 1.4, 1, 0, 8, 368000, 9.040
r: 1; m: 10; i_r: 5, 100, 5, 1.4, 1, 0, 5, 394800, 5.941
r: 1; m: 10; i_r: 5, 100, 5, 1.4, 1, 0, 8, 143000, 9.619
r: 1; m: 10; i_r: 5, 100, 5, 1.4, 1, 0, 8, 178750, 9.884
r: 1; m: 10; i_r: 5, 100, 5, 1.4, 1, 0, 18, 102333, 21.468
r: 1; m: 10; i_r: 5, 100, 5, 1.4, 1, 0, 16, 107750, 19.559
r: 1; m: 10; i_r: 5, 100, 5, 1.4, 1, 0, 11, 174182, 13.129
r: 1; m: 10; i_r: 5, 100, 5, 1.4, 1, 0, 10, 200800, 11.313
r: 1; m: 10; i_r: 5, 100, 5, 1.4, 1, 0, 12, 114167, 14.169
r: 1; m: 10; i_r: 5, 100, 5, 1.4, 1, 0, 8, 211250, 9.750
r: 1; m: 10; i_r: 5, 100, 5, 1.4, 1, 0, 11, 186182, 13.312
r: 1; m: 10; i_r: 5, 100, 5, 1.4, 1, 0, 17, 127529, 20.760
r: 1; m: 10; i_r: 5, 100, 5, 1.4, 1, 0, 8, 237250, 9.182
r: 1; m: 10; i_r: 5, 100, 5, 1.4, 1, 0, 16, 172375, 20.342
r: 1; m: 10; i_r: 5, 100, 5, 1.4, 0, 1, 20, 78900, 24.094
r: 1; m: 10; i_r: 5, 100, 5, 1.4, 1, 0, 13, 127846, 16.619
r: 1; m: 10; i_r: 5, 100, 5, 1.4, 1, 0, 8, 186250, 10.690
r: 1; m: 10; i_r: 5, 100, 5, 1.4, 0, 1, 20, 51200, 22.314
r: 1; m: 10; i_r: 5, 100, 5, 1.4, 1, 0, 9, 244667, 14.895
r: 1; m: 10; i_r: 5, 100, 5, 1.4, 1, 0, 9, 210444, 15.131
r: 1; m: 10; i_r: 5, 100, 5, 1.4, 1, 0, 7, 469143, 8.571
r: 1; m: 10; i_r: 5, 100, 5, 1.4, 1, 0, 13, 96769, 15.849
r: 1; m: 10; i_r: 5, 100, 5, 1.4, 1, 0, 8, 181250, 9.428
r: 1; m: 10; i_r: 5, 100, 5, 1.4, 1, 0, 18, 96222, 21.444
r: 1; m: 10; i_r: 5, 100, 5, 1.4, 0, 1, 20, 53500, 22.558
r: 1; m: 10; i_r: 5, 100, 5, 1.4, 1, 0, 9, 127333, 11.736
r: 1; m: 10; i_r: 5, 100, 5, 1.4, 1, 0, 13, 138154, 18.236
r: 1; m: 10; i_r: 5, 100, 5, 1.4, 1, 0, 7, 158571, 12.032
r: 1; m: 10; i_r: 5, 100, 5, 1.4, 1, 0, 11, 119455, 21.273
r: 1; m: 10; i_r: 5, 100, 5, 1.4, 1, 0, 10, 132600, 12.550
r: 1; m: 10; i_r: 5, 100, 5, 1.4, 1, 0, 12, 104667, 16.443
r: 1; m: 10; i_r: 5, 100, 5, 1.4, 1, 0, 12, 130333, 15.265
r: 1; m: 10; i_r: 5, 100, 5, 1.4, 1, 0, 9, 176667, 10.886
r: 1; m: 10; i_r: 5, 100, 5, 1.4, 1, 0, 13, 140615, 15.382
r: 1; m: 10; i_r: 5, 100, 5, 1.4, 1, 0, 11, 184545, 12.887
r: 1; m: 10; i_r: 5, 100, 5, 1.4, 1, 0, 13, 104769, 18.557
r: 1; m: 10; i_r: 5, 100, 5, 1.4, 1, 0, 13, 103538, 23.846
r: 1; m: 10; i_r: 5, 100, 5, 1.4, 1, 0, 10, 151000, 15.584
r: 1; m: 10; i_r: 5, 100, 5, 1.4, 1, 0, 12, 170500, 15.983
r: 1; m: 10; i_r: 5, 100, 5, 1.4, 1, 0, 8, 232500, 10.488
r: 1; m: 10; i_r: 5, 100, 5, 1.4, 1, 0, 9, 161556, 12.077
r: 1; m: 10; i_r: 5, 100, 5, 1.4, 0, 1, 20, 67300, 33.264
r: 1; m: 10; i_r: 5, 100, 5, 1.4, 1, 0, 8, 279500, 12.708
r: 1; m: 10; i_r: 5, 100, 5, 1.4, 1, 0, 13, 133538, 21.214
r: 1; m: 10; i_r: 5, 100, 5, 1.4, 1, 0, 12, 104167, 16.306
r: 1; m: 10; i_r: 5, 100, 5, 1.4, 1, 0, 10, 144200, 18.083
r: 1; m: 10; i_r: 5, 100, 5, 1.4, 1, 0, 9, 127111, 12.590
r: 1; m: 10; i_r: 5, 100, 5, 1.4, 0, 1, 20, 101800, 26.180
r: 1; m: 10; i_r: 5, 100, 5, 1.4, 1, 0, 10, 116200, 13.580
r: 1; m: 10; i_r: 5, 100, 5, 1.4, 1, 0, 7, 185714, 12.628
r: 1; m: 10; i_r: 5, 100, 5, 1.4, 1, 0, 11, 117818, 15.780
r: 1; m: 10; i_r: 5, 100, 5, 1.4, 1, 0, 11, 175818, 26.494
r: 1; m: 10; i_r: 5, 100, 5, 1.4, 1, 0, 10, 141600, 16.591
r: 1; m: 10; i_r: 5, 100, 5, 1.4, 1, 0, 12, 123500, 20.416
r: 1; m: 10; i_r: 5, 100, 5, 1.4, 0, 1, 20, 67000, 37.102
r: 1; m: 10; i_r: 5, 100, 5, 1.4, 1, 0, 7, 318857, 10.338
r: 1; m: 10; i_r: 5, 100, 5, 1.4, 1, 0, 17, 91765, 24.044
r: 1; m: 10; i_r: 5, 100, 5, 1.4, 1, 0, 12, 95500, 21.434
r: 1; m: 10; i_r: 5, 100, 5, 1.4, 1, 0, 17, 89059, 31.538
r: 1; m: 10; i_r: 5, 100, 5, 1.4, 0, 1, 20, 61800, 47.146
r: 1; m: 10; i_r: 5, 100, 5, 1.4, 1, 0, 15, 111333, 43.905
r: 1; m: 10; i_r: 5, 100, 5, 1.4, 1, 0, 9, 121778, 12.899
r: 1; m: 10; i_r: 5, 100, 5, 1.4, 1, 0, 18, 111222, 22.196
r: 1; m: 10; i_r: 5, 100, 5, 1.4, 1, 0, 13, 133077, 15.652
r: 1; m: 10; i_r: 5, 100, 5, 1.4, 1, 0, 9, 161778, 10.723
r: 1; m: 10; i_r: 5, 100, 5, 1.4, 1, 0, 7, 344571, 8.544
r: 1; m: 10; i_r: 5, 100, 5, 1.4, 1, 0, 9, 201556, 10.823
r: 1; m: 10; i_r: 5, 100, 5, 1.4, 1, 0, 9, 298444, 11.075
r: 1; m: 10; i_r: 5, 100, 5, 1.4, 1, 0, 10, 159400, 12.125
r: 1; m: 10; i_r: 5, 100, 5, 1.4, 1, 0, 3, 492667, 3.612
r: 1; m: 10; i_r: 5, 100, 5, 1.4, 0, 1, 20, 61900, 22.102
r: 1; m: 10; i_r: 5, 100, 5, 1.4, 1, 0, 9, 183778, 10.759
r: 1; m: 10; i_r: 5, 100, 5, 1.4, 1, 0, 17, 157176, 20.790
r: 1; m: 10; i_r: 5, 100, 5, 1.4, 1, 0, 16, 92125, 19.567
r: 1; m: 10; i_r: 5, 100, 5, 1.4, 0, 1, 20, 67500, 22.788
r: 1; m: 10; i_r: 5, 100, 5, 1.4, 1, 0, 14, 126143, 16.707
r: 1; m: 10; i_r: 5, 100, 5, 1.4, 1, 0, 12, 177500, 23.164
r: 1; m: 10; i_r: 5, 100, 5, 1.4, 1, 0, 10, 268800, 17.452
r: 1; m: 10; i_r: 5, 100, 5, 1.4, 1, 0, 6, 318000, 10.009
r: 1; m: 10; i_r: 5, 100, 5, 1.4, 1, 0, 18, 101444, 32.146
r: 1; m: 10; i_r: 5, 100, 5, 1.4, 1, 0, 18, 107889, 22.142
r: 1; m: 10; i_r: 5, 100, 5, 1.4, 0, 2, 20, 29800, 22.774
r: 1; m: 10; i_r: 5, 100, 5, 1.4, 1, 0, 11, 114909, 15.999
r: 1; m: 10; i_r: 5, 100, 5, 1.4, 1, 0, 17, 102706, 26.879
r: 1; m: 10; i_r: 5, 100, 5, 1.4, 1, 0, 11, 196545, 13.539
r: 1; m: 10; i_r: 5, 100, 5, 1.4, 1, 0, 7, 227429, 8.759
r: 1; m: 10; i_r: 5, 100, 5, 1.4, 1, 0, 9, 351111, 12.446
r: 1; m: 10; i_r: 5, 100, 5, 1.4, 1, 0, 12, 109000, 15.439
r: 1; m: 10; i_r: 5, 100, 5, 1.4, 1, 0, 19, 118842, 23.214
r: 1; m: 10; i_r: 5, 100, 5, 1.4, 0, 1, 20, 64100, 22.276
r: 1; m: 10; i_r: 5, 100, 5, 1.4, 0, 1, 20, 79800, 22.655
r: 1; m: 10; i_r: 5, 100, 5, 1.4, 1, 0, 16, 81625, 19.671
r: 1; m: 10; i_r: 5, 100, 5, 1.4, 1, 0, 16, 125375, 20.226
r: 1; m: 10; i_r: 5, 100, 5, 1.4, 1, 0, 5, 432400, 6.006
r: 1; m: 10; i_r: 5, 100, 5, 1.4, 1, 0, 11, 138364, 13.737
r: 1; m: 10; i_r: 5, 100, 5, 1.4, 1, 0, 19, 94105, 25.686
r: 1; m: 10; i_r: 5, 100, 5, 1.4, 1, 0, 6, 341000, 8.046
r: 1; m: 10; i_r: 5, 100, 5, 1.4, 1, 0, 7, 225714, 8.298
r: 1; m: 10; i_r: 5, 100, 5, 1.4, 1, 0, 6, 422333, 7.197
r: 1; m: 10; i_r: 5, 100, 5, 1.4, 0, 1, 20, 53000, 21.467
r: 1; m: 10; i_r: 5, 100, 5, 1.4, 0, 1, 20, 60600, 21.515
r: 1; m: 10; i_r: 5, 100, 5, 1.4, 1, 0, 15, 82533, 17.748
r: 1; m: 10; i_r: 5, 100, 5, 1.4, 1, 0, 11, 110364, 13.447
r: 1; m: 10; i_r: 5, 100, 5, 1.4, 1, 0, 6, 306667, 7.520
r: 1; m: 10; i_r: 5, 100, 5, 1.4, 0, 1, 20, 60500, 21.959
r: 1; m: 10; i_r: 5, 100, 5, 1.4, 1, 0, 14, 107286, 16.848
r: 1; m: 10; i_r: 5, 100, 5, 1.4, 0, 1, 20, 76000, 22.526
r: 1; m: 10; i_r: 5, 100, 5, 1.4, 1, 0, 15, 173200, 18.254
r: 1; m: 10; i_r: 5, 100, 5, 1.4, 1, 0, 8, 222250, 9.109
r: 1; m: 10; i_r: 5, 100, 5, 1.4, 0, 1, 20, 53600, 22.108
r: 1; m: 10; i_r: 5, 100, 5, 1.4, 1, 0, 12, 109000, 14.317
r: 1; m: 10; i_r: 5, 100, 5, 1.4, 0, 1, 20, 70000, 21.918
r: 1; m: 10; i_r: 5, 100, 5, 1.4, 0, 1, 20, 52300, 21.757
r: 1; m: 10; i_r: 5, 100, 5, 1.4, 1, 0, 11, 120364, 13.298
r: 1; m: 10; i_r: 5, 100, 5, 1.4, 1, 0, 11, 207273, 13.347
r: 1; m: 10; i_r: 5, 100, 5, 1.4, 1, 0, 6, 359333, 7.274
r: 1; m: 10; i_r: 5, 100, 5, 1.4, 1, 0, 13, 99538, 15.670
r: 1; m: 10; i_r: 5, 100, 5, 1.4, 1, 0, 14, 130571, 17.126
r: 1; m: 10; i_r: 5, 100, 5, 1.4, 1, 0, 6, 200000, 7.195
r: 1; m: 10; i_r: 5, 100, 5, 1.4, 1, 0, 12, 169167, 14.587
r: 1; m: 10; i_r: 5, 100, 5, 1.4, 1, 0, 18, 167556, 21.153
r: 1; m: 10; i_r: 5, 100, 5, 1.4, 1, 0, 16, 75125, 18.654
r: 1; m: 10; i_r: 5, 100, 5, 1.4, 1, 0, 10, 164000, 12.143
r: 1; m: 10; i_r: 5, 100, 5, 1.4, 1, 0, 19, 79789, 21.889
r: 1; m: 10; i_r: 5, 100, 5, 1.4, 0, 1, 20, 65800, 21.608
r: 1; m: 10; i_r: 5, 100, 5, 1.4, 1, 0, 8, 189250, 10.082
r: 1; m: 10; i_r: 5, 100, 5, 1.4, 0, 1, 20, 70300, 22.101
r: 1; m: 10; i_r: 5, 100, 5, 1.4, 1, 0, 7, 201714, 8.301
r: 1; m: 10; i_r: 5, 100, 5, 1.4, 1, 0, 14, 114429, 15.445
r: 1; m: 10; i_r: 5, 100, 5, 1.4, 1, 0, 9, 305333, 11.012
r: 1; m: 10; i_r: 5, 100, 5, 1.4, 1, 0, 10, 439200, 12.184
r: 1; m: 10; i_r: 5, 100, 5, 1.4, 1, 0, 14, 88857, 16.554
r: 1; m: 10; i_r: 5, 100, 5, 1.4, 1, 0, 17, 85765, 20.613
r: 1; m: 10; i_r: 5, 100, 5, 1.4, 0, 1, 20, 84000, 22.104
r: 1; m: 10; i_r: 5, 100, 5, 1.4, 1, 0, 9, 239778, 10.830
r: 1; m: 10; i_r: 5, 100, 5, 1.4, 1, 0, 8, 332250, 9.802
r: 1; m: 10; i_r: 5, 100, 5, 1.4, 1, 0, 15, 136000, 18.110
r: 1; m: 10; i_r: 5, 100, 5, 1.4, 1, 0, 14, 192857, 16.443
r: 1; m: 10; i_r: 5, 100, 5, 1.4, 1, 0, 10, 157000, 12.714
r: 1; m: 10; i_r: 5, 100, 5, 1.4, 1, 0, 15, 83200, 17.537
r: 1; m: 10; i_r: 5, 100, 5, 1.4, 1, 0, 15, 90000, 18.457
r: 1; m: 10; i_r: 5, 100, 5, 1.4, 1, 0, 13, 178615, 15.887
r: 1; m: 10; i_r: 5, 100, 5, 1.4, 1, 0, 10, 198200, 11.958
r: 1; m: 10; i_r: 5, 100, 5, 1.4, 1, 0, 8, 390750, 9.556
r: 1; m: 10; i_r: 5, 100, 5, 1.4, 1, 0, 10, 148600, 11.843
r: 1; m: 10; i_r: 5, 100, 5, 1.4, 1, 0, 6, 216333, 7.350
r: 1; m: 10; i_r: 5, 100, 5, 1.4, 1, 0, 10, 152800, 11.871
r: 1; m: 10; i_r: 5, 100, 5, 1.4, 1, 0, 13, 133077, 13.587
r: 1; m: 10; i_r: 5, 100, 5, 1.4, 1, 0, 12, 215000, 14.578
r: 1; m: 10; i_r: 5, 100, 5, 1.4, 1, 0, 13, 199692, 16.409
r: 1; m: 10; i_r: 5, 100, 5, 1.4, 1, 0, 8, 213750, 10.262
r: 1; m: 10; i_r: 5, 100, 5, 1.4, 1, 0, 13, 135077, 16.482
r: 1; m: 10; i_r: 5, 100, 5, 1.4, 1, 0, 10, 205400, 12.276
r: 1; m: 10; i_r: 5, 100, 5, 1.4, 1, 0, 9, 134889, 11.443
r: 1; m: 10; i_r: 5, 100, 5, 1.4, 1, 0, 15, 156533, 18.661
r: 1; m: 10; i_r: 5, 100, 5, 1.4, 1, 0, 6, 399333, 7.047
r: 1; m: 10; i_r: 5, 100, 5, 1.4, 0, 2, 20, 74900, 22.823
r: 1; m: 10; i_r: 5, 100, 5, 1.4, 1, 0, 11, 182182, 13.228
r: 1; m: 10; i_r: 5, 100, 5, 1.4, 1, 0, 10, 140000, 12.723
r: 1; m: 10; i_r: 5, 100, 5, 1.4, 1, 0, 9, 133333, 11.065
r: 1; m: 10; i_r: 5, 100, 5, 1.4, 1, 0, 7, 208571, 9.057
r: 1; m: 10; i_r: 5, 100, 5, 1.4, 1, 0, 9, 146889, 11.722
r: 1; m: 10; i_r: 5, 100, 5, 1.4, 1, 0, 13, 94769, 16.095
r: 0; m: 1; i_r: 0, 100, 5, 1.4, 1, 0, 11, 163455, 12.781
r: 0; m: 1; i_r: 0, 100, 5, 1.4, 1, 0, 10, 145600, 11.853
r: 0; m: 1; i_r: 0, 100, 5, 1.4, 1, 0, 16, 94625, 18.559
r: 0; m: 1; i_r: 0, 100, 5, 1.4, 1, 0, 14, 135143, 16.207
r: 0; m: 1; i_r: 0, 100, 5, 1.4, 0, 1, 20, 81700, 21.062
r: 0; m: 1; i_r: 0, 100, 5, 1.4, 1, 0, 13, 138154, 15.299
r: 0; m: 1; i_r: 0, 100, 5, 1.4, 1, 0, 7, 144857, 8.029
r: 0; m: 1; i_r: 0, 100, 5, 1.4, 0, 1, 20, 42900, 21.292
r: 0; m: 1; i_r: 0, 100, 5, 1.4, 1, 0, 9, 135778, 10.372
r: 0; m: 1; i_r: 0, 100, 5, 1.4, 1, 0, 10, 183600, 11.351
r: 0; m: 1; i_r: 0, 100, 5, 1.4, 1, 0, 10, 243800, 11.765
r: 0; m: 1; i_r: 0, 100, 5, 1.4, 1, 0, 18, 61000, 20.490
r: 0; m: 1; i_r: 0, 100, 5, 1.4, 1, 0, 6, 180000, 6.990
r: 0; m: 1; i_r: 0, 100, 5, 1.4, 1, 0, 12, 148167, 14.438
r: 0; m: 1; i_r: 0, 100, 5, 1.4, 1, 0, 11, 121818, 12.807
r: 0; m: 1; i_r: 0, 100, 5, 1.4, 0, 2, 20, 28000, 21.644
r: 0; m: 1; i_r: 0, 100, 5, 1.4, 1, 0, 7, 192286, 8.462
r: 0; m: 1; i_r: 0, 100, 5, 1.4, 1, 0, 9, 123333, 10.355
r: 0; m: 1; i_r: 0, 100, 5, 1.4, 1, 0, 17, 148118, 19.923
r: 0; m: 1; i_r: 0, 100, 5, 1.4, 1, 0, 6, 283667, 7.044
r: 0; m: 1; i_r: 0, 100, 5, 1.4, 0, 2, 20, 39800, 21.843
r: 0; m: 1; i_r: 0, 100, 5, 1.4, 1, 0, 14, 95714, 16.165
r: 0; m: 1; i_r: 0, 100, 5, 1.4, 1, 0, 16, 97375, 18.826
r: 0; m: 1; i_r: 0, 100, 5, 1.4, 1, 0, 12, 133833, 14.036
r: 0; m: 1; i_r: 0, 100, 5, 1.4, 1, 0, 12, 124667, 14.196
r: 0; m: 1; i_r: 0, 100, 5, 1.4, 1, 0, 15, 113733, 17.710
r: 0; m: 1; i_r: 0, 100, 5, 1.4, 1, 0, 7, 161143, 7.987
r: 0; m: 1; i_r: 0, 100, 5, 1.4, 1, 0, 13, 149385, 15.462
r: 0; m: 1; i_r: 0, 100, 5, 1.4, 1, 0, 12, 101333, 14.118
r: 0; m: 1; i_r: 0, 100, 5, 1.4, 1, 0, 11, 233091, 12.906
r: 0; m: 1; i_r: 0, 100, 5, 1.4, 1, 0, 8, 337000, 9.695
r: 0; m: 1; i_r: 0, 100, 5, 1.4, 1, 0, 3, 722000, 3.521
r: 0; m: 1; i_r: 0, 100, 5, 1.4, 1, 0, 13, 200462, 15.737
r: 0; m: 1; i_r: 0, 100, 5, 1.4, 1, 0, 16, 114625, 19.148
r: 0; m: 1; i_r: 0, 100, 5, 1.4, 1, 0, 13, 96615, 15.213
r: 0; m: 1; i_r: 0, 100, 5, 1.4, 0, 1, 20, 40900, 21.020
r: 0; m: 1; i_r: 0, 100, 5, 1.4, 1, 0, 7, 168000, 8.294
r: 0; m: 1; i_r: 0, 100, 5, 1.4, 1, 0, 12, 112000, 14.012
r: 0; m: 1; i_r: 0, 100, 5, 1.4, 0, 1, 20, 47500, 22.012
r: 0; m: 1; i_r: 0, 100, 5, 1.4, 1, 0, 6, 253333, 8.830
r: 0; m: 1; i_r: 0, 100, 5, 1.4, 1, 0, 11, 181455, 12.893
r: 0; m: 1; i_r: 0, 100, 5, 1.4, 0, 1, 20, 66400, 21.925
r: 0; m: 1; i_r: 0, 100, 5, 1.4, 1, 0, 13, 155538, 15.655
r: 0; m: 1; i_r: 0, 100, 5, 1.4, 1, 0, 11, 116727, 13.528
r: 0; m: 1; i_r: 0, 100, 5, 1.4, 1, 0, 19, 93789, 21.240
r: 0; m: 1; i_r: 0, 100, 5, 1.4, 0, 1, 20, 95600, 22.370
r: 0; m: 1; i_r: 0, 100, 5, 1.4, 1, 0, 10, 207600, 12.186
r: 0; m: 1; i_r: 0, 100, 5, 1.4, 1, 0, 9, 251778, 11.139
r: 0; m: 1; i_r: 0, 100, 5, 1.4, 1, 0, 15, 84933, 17.797
r: 0; m: 1; i_r: 0, 100, 5, 1.4, 1, 0, 16, 148000, 19.137
r: 0; m: 1; i_r: 0, 100, 5, 1.4, 1, 0, 16, 149125, 18.867
r: 0; m: 1; i_r: 0, 100, 5, 1.4, 1, 0, 12, 135500, 14.465
r: 0; m: 1; i_r: 0, 100, 5, 1.4, 1, 0, 9, 147111, 10.615
r: 0; m: 1; i_r: 0, 100, 5, 1.4, 1, 0, 17, 91882, 19.965
r: 0; m: 1; i_r: 0, 100, 5, 1.4, 1, 0, 15, 113600, 17.766
r: 0; m: 1; i_r: 0, 100, 5, 1.4, 1, 0, 11, 123091, 12.860
r: 0; m: 1; i_r: 0, 100, 5, 1.4, 1, 0, 7, 276571, 7.878
r: 0; m: 1; i_r: 0, 100, 5, 1.4, 1, 0, 15, 135067, 18.158
r: 0; m: 1; i_r: 0, 100, 5, 1.4, 1, 0, 11, 196000, 13.462
r: 0; m: 1; i_r: 0, 100, 5, 1.4, 1, 0, 12, 101000, 13.631
r: 0; m: 1; i_r: 0, 100, 5, 1.4, 1, 0, 20, 65700, 21.744
r: 0; m: 1; i_r: 0, 100, 5, 1.4, 1, 0, 14, 120857, 16.387
r: 0; m: 1; i_r: 0, 100, 5, 1.4, 1, 0, 11, 119273, 13.116
r: 0; m: 1; i_r: 0, 100, 5, 1.4, 0, 1, 20, 62300, 21.931
r: 0; m: 1; i_r: 0, 100, 5, 1.4, 1, 0, 8, 163250, 9.317
r: 0; m: 1; i_r: 0, 100, 5, 1.4, 0, 1, 20, 71700, 21.855
r: 0; m: 1; i_r: 0, 100, 5, 1.4, 0, 1, 20, 51400, 21.219
r: 0; m: 1; i_r: 0, 100, 5, 1.4, 0, 1, 20, 47300, 21.526
r: 0; m: 1; i_r: 0, 100, 5, 1.4, 0, 1, 20, 44200, 21.283
r: 0; m: 1; i_r: 0, 100, 5, 1.4, 1, 0, 7, 210000, 8.393
r: 0; m: 1; i_r: 0, 100, 5, 1.4, 1, 0, 8, 136750, 9.094
r: 0; m: 1; i_r: 0, 100, 5, 1.4, 1, 0, 16, 92125, 19.022
r: 0; m: 1; i_r: 0, 100, 5, 1.4, 1, 0, 12, 110333, 14.471
r: 0; m: 1; i_r: 0, 100, 5, 1.4, 1, 0, 15, 75200, 17.253
r: 0; m: 1; i_r: 0, 100, 5, 1.4, 0, 1, 20, 77700, 21.958
r: 0; m: 1; i_r: 0, 100, 5, 1.4, 1, 0, 8, 205500, 9.805
r: 0; m: 1; i_r: 0, 100, 5, 1.4, 1, 0, 6, 188333, 7.482
r: 0; m: 1; i_r: 0, 100, 5, 1.4, 1, 0, 20, 76100, 22.048
r: 0; m: 1; i_r: 0, 100, 5, 1.4, 1, 0, 8, 143000, 9.163
r: 0; m: 1; i_r: 0, 100, 5, 1.4, 1, 0, 17, 90471, 19.989
r: 0; m: 1; i_r: 0, 100, 5, 1.4, 0, 2, 20, 59400, 21.627
r: 0; m: 1; i_r: 0, 100, 5, 1.4, 0, 1, 20, 68700, 22.107
r: 0; m: 1; i_r: 0, 100, 5, 1.4, 1, 0, 8, 160000, 9.525
r: 0; m: 1; i_r: 0, 100, 5, 1.4, 1, 0, 7, 228286, 8.430
r: 0; m: 1; i_r: 0, 100, 5, 1.4, 1, 0, 8, 161000, 9.343
r: 0; m: 1; i_r: 0, 100, 5, 1.4, 1, 0, 16, 101500, 19.371
r: 0; m: 1; i_r: 0, 100, 5, 1.4, 1, 0, 10, 117600, 11.934
r: 0; m: 1; i_r: 0, 100, 5, 1.4, 1, 0, 15, 106533, 17.975
r: 0; m: 1; i_r: 0, 100, 5, 1.4, 1, 0, 14, 116714, 16.713
r: 0; m: 1; i_r: 0, 100, 5, 1.4, 1, 0, 12, 99167, 14.696
r: 0; m: 1; i_r: 0, 100, 5, 1.4, 1, 0, 9, 130444, 11.137
r: 0; m: 1; i_r: 0, 100, 5, 1.4, 1, 0, 10, 129000, 11.724
r: 0; m: 1; i_r: 0, 100, 5, 1.4, 1, 0, 11, 108000, 13.178
r: 0; m: 1; i_r: 0, 100, 5, 1.4, 1, 0, 8, 255000, 9.471
r: 0; m: 1; i_r: 0, 100, 5, 1.4, 1, 0, 16, 110125, 18.877
r: 0; m: 1; i_r: 0, 100, 5, 1.4, 1, 0, 13, 91692, 15.665
r: 0; m: 1; i_r: 0, 100, 5, 1.4, 0, 1, 20, 60500, 22.066
r: 0; m: 1; i_r: 0, 100, 5, 1.4, 1, 0, 20, 74800, 21.884
r: 0; m: 1; i_r: 0, 100, 5, 1.4, 1, 0, 12, 99167, 14.102
r: 0; m: 1; i_r: 0, 100, 5, 1.4, 1, 0, 8, 139750, 9.407
r: 0; m: 1; i_r: 0, 100, 5, 1.4, 1, 0, 5, 379200, 6.059
r: 0; m: 1; i_r: 0, 100, 5, 1.4, 0, 1, 20, 67900, 21.699
r: 0; m: 1; i_r: 0, 100, 5, 1.4, 1, 0, 11, 241818, 12.969
r: 0; m: 1; i_r: 0, 100, 5, 1.4, 1, 0, 11, 109818, 13.037
r: 0; m: 1; i_r: 0, 100, 5, 1.4, 1, 0, 7, 286000, 8.350
r: 0; m: 1; i_r: 0, 100, 5, 1.4, 1, 0, 14, 134571, 16.396
r: 0; m: 1; i_r: 0, 100, 5, 1.4, 1, 0, 13, 106154, 15.435
r: 0; m: 1; i_r: 0, 100, 5, 1.4, 1, 0, 8, 199250, 9.381
r: 0; m: 1; i_r: 0, 100, 5, 1.4, 1, 0, 11, 184000, 13.325
r: 0; m: 1; i_r: 0, 100, 5, 1.4, 1, 0, 8, 140250, 9.580
r: 0; m: 1; i_r: 0, 100, 5, 1.4, 1, 0, 18, 126556, 20.727
r: 0; m: 1; i_r: 0, 100, 5, 1.4, 1, 0, 8, 336500, 9.539
r: 0; m: 1; i_r: 0, 100, 5, 1.4, 1, 0, 7, 227143, 8.339
r: 0; m: 1; i_r: 0, 100, 5, 1.4, 1, 0, 6, 444667, 7.123
r: 0; m: 1; i_r: 0, 100, 5, 1.4, 1, 0, 20, 112700, 23.418
r: 0; m: 1; i_r: 0, 100, 5, 1.4, 0, 1, 20, 56600, 21.532
r: 0; m: 1; i_r: 0, 100, 5, 1.4, 1, 0, 9, 159333, 10.414
r: 0; m: 1; i_r: 0, 100, 5, 1.4, 0, 1, 20, 58900, 21.836
r: 0; m: 1; i_r: 0, 100, 5, 1.4, 1, 0, 9, 168667, 10.779
r: 0; m: 1; i_r: 0, 100, 5, 1.4, 1, 0, 9, 258222, 10.899
r: 0; m: 1; i_r: 0, 100, 5, 1.4, 1, 0, 10, 109200, 11.649
r: 0; m: 1; i_r: 0, 100, 5, 1.4, 1, 0, 14, 111429, 16.221
r: 0; m: 1; i_r: 0, 100, 5, 1.4, 1, 0, 17, 67882, 19.604
r: 0; m: 1; i_r: 0, 100, 5, 1.4, 1, 0, 14, 143143, 14.855
r: 0; m: 1; i_r: 0, 100, 5, 1.4, 1, 0, 13, 145692, 15.093
r: 0; m: 1; i_r: 0, 100, 5, 1.4, 1, 0, 19, 67789, 21.320
r: 0; m: 1; i_r: 0, 100, 5, 1.4, 1, 0, 7, 311714, 8.298
r: 0; m: 1; i_r: 0, 100, 5, 1.4, 1, 0, 16, 100125, 18.479
r: 0; m: 1; i_r: 0, 100, 5, 1.4, 0, 1, 20, 47300, 21.317
r: 0; m: 1; i_r: 0, 100, 5, 1.4, 1, 0, 17, 94118, 20.116
r: 0; m: 1; i_r: 0, 100, 5, 1.4, 0, 1, 20, 54600, 23.083
r: 0; m: 1; i_r: 0, 100, 5, 1.4, 1, 0, 12, 136667, 14.124
r: 0; m: 1; i_r: 0, 100, 5, 1.4, 1, 0, 8, 150750, 9.642
r: 0; m: 1; i_r: 0, 100, 5, 1.4, 1, 0, 10, 114000, 11.796
r: 0; m: 1; i_r: 0, 100, 5, 1.4, 1, 0, 8, 151250, 9.434
r: 0; m: 1; i_r: 0, 100, 5, 1.4, 1, 0, 8, 188500, 9.422
r: 0; m: 1; i_r: 0, 100, 5, 1.4, 1, 0, 5, 291600, 5.895
r: 0; m: 1; i_r: 0, 100, 5, 1.4, 1, 0, 10, 126600, 11.716
r: 0; m: 1; i_r: 0, 100, 5, 1.4, 1, 0, 17, 86824, 20.074
r: 0; m: 1; i_r: 0, 100, 5, 1.4, 1, 0, 10, 159600, 11.892
r: 0; m: 1; i_r: 0, 100, 5, 1.4, 1, 0, 12, 159833, 14.177
r: 0; m: 1; i_r: 0, 100, 5, 1.4, 1, 0, 9, 183111, 10.711
r: 0; m: 1; i_r: 0, 100, 5, 1.4, 1, 0, 10, 150400, 12.415
r: 0; m: 1; i_r: 0, 100, 5, 1.4, 1, 0, 11, 144545, 13.056
r: 0; m: 1; i_r: 0, 100, 5, 1.4, 1, 0, 11, 103091, 13.166
r: 0; m: 1; i_r: 0, 100, 5, 1.4, 0, 1, 20, 82000, 21.686
r: 0; m: 1; i_r: 0, 100, 5, 1.4, 1, 0, 5, 525600, 6.013
r: 0; m: 1; i_r: 0, 100, 5, 1.4, 1, 0, 19, 79684, 21.187
r: 0; m: 1; i_r: 0, 100, 5, 1.4, 1, 0, 11, 142364, 13.072
r: 0; m: 1; i_r: 0, 100, 5, 1.4, 1, 0, 13, 112308, 14.843
r: 0; m: 1; i_r: 0, 100, 5, 1.4, 0, 1, 20, 45200, 21.672
r: 0; m: 1; i_r: 0, 100, 5, 1.4, 1, 0, 8, 137250, 9.521
r: 0; m: 1; i_r: 0, 100, 5, 1.4, 1, 0, 12, 137333, 14.473
r: 0; m: 1; i_r: 0, 100, 5, 1.4, 1, 0, 18, 76778, 20.436
r: 0; m: 1; i_r: 0, 100, 5, 1.4, 1, 0, 10, 124200, 13.558
r: 0; m: 1; i_r: 0, 100, 5, 1.4, 1, 0, 13, 178308, 16.014
r: 0; m: 1; i_r: 0, 100, 5, 1.4, 1, 0, 6, 199667, 7.327
r: 0; m: 1; i_r: 0, 100, 5, 1.4, 1, 0, 13, 120462, 15.128
r: 0; m: 1; i_r: 0, 100, 5, 1.4, 1, 0, 19, 104947, 21.635
r: 0; m: 1; i_r: 0, 100, 5, 1.4, 1, 0, 5, 494000, 6.008
r: 0; m: 1; i_r: 0, 100, 5, 1.4, 1, 0, 11, 129818, 12.640
r: 0; m: 1; i_r: 0, 100, 5, 1.4, 1, 0, 11, 109091, 13.194
r: 0; m: 1; i_r: 0, 100, 5, 1.4, 1, 0, 6, 297000, 7.095
r: 0; m: 1; i_r: 0, 100, 5, 1.4, 1, 0, 6, 207333, 7.188
r: 0; m: 1; i_r: 0, 100, 5, 1.4, 1, 0, 9, 122889, 10.366
r: 0; m: 1; i_r: 0, 100, 5, 1.4, 1, 0, 9, 159111, 10.867
r: 0; m: 1; i_r: 0, 100, 5, 1.4, 1, 0, 12, 156333, 14.589
r: 0; m: 1; i_r: 0, 100, 5, 1.4, 1, 0, 12, 96167, 14.099
r: 0; m: 1; i_r: 0, 100, 5, 1.4, 0, 1, 20, 63200, 21.618
r: 0; m: 1; i_r: 0, 100, 5, 1.4, 1, 0, 8, 167250, 9.742
r: 0; m: 1; i_r: 0, 100, 5, 1.4, 0, 1, 20, 92900, 21.051
r: 0; m: 1; i_r: 0, 100, 5, 1.4, 0, 1, 20, 46700, 22.113
r: 0; m: 1; i_r: 0, 100, 5, 1.4, 1, 0, 8, 309750, 10.092
r: 0; m: 1; i_r: 0, 100, 5, 1.4, 1, 0, 14, 80571, 16.876
r: 0; m: 1; i_r: 0, 100, 5, 1.4, 1, 0, 14, 96429, 17.475
r: 0; m: 1; i_r: 0, 100, 5, 1.4, 1, 0, 14, 109857, 17.438
r: 0; m: 1; i_r: 0, 100, 5, 1.4, 1, 0, 14, 86143, 16.574
r: 0; m: 1; i_r: 0, 100, 5, 1.4, 1, 0, 10, 148400, 11.892
r: 0; m: 1; i_r: 0, 100, 5, 1.4, 1, 0, 11, 181091, 13.339
r: 0; m: 1; i_r: 0, 100, 5, 1.4, 0, 1, 20, 50300, 21.914
r: 0; m: 1; i_r: 0, 100, 5, 1.4, 1, 0, 13, 98000, 15.782
r: 0; m: 1; i_r: 0, 100, 5, 1.4, 0, 1, 20, 141200, 21.831
r: 0; m: 1; i_r: 0, 100, 5, 1.4, 0, 1, 20, 46200, 21.985
r: 0; m: 1; i_r: 0, 100, 5, 1.4, 1, 0, 9, 143333, 11.061
r: 0; m: 1; i_r: 0, 100, 5, 1.4, 1, 0, 14, 142857, 16.810
r: 0; m: 1; i_r: 0, 100, 5, 1.4, 0, 2, 20, 31500, 22.127
r: 0; m: 1; i_r: 0, 100, 5, 1.4, 1, 0, 16, 87000, 19.236
r: 0; m: 1; i_r: 0, 100, 5, 1.4, 1, 0, 19, 72947, 22.004
r: 0; m: 1; i_r: 0, 100, 5, 1.4, 1, 0, 14, 95000, 17.067
r: 0; m: 1; i_r: 0, 100, 5, 1.4, 0, 1, 20, 83800, 22.075
r: 0; m: 1; i_r: 0, 100, 5, 1.4, 1, 0, 15, 98267, 18.007
r: 0; m: 1; i_r: 0, 100, 5, 1.4, 1, 0, 9, 228889, 10.887
r: 0; m: 1; i_r: 0, 100, 5, 1.4, 1, 0, 19, 111579, 21.551
r: 0; m: 1; i_r: 0, 100, 5, 1.4, 1, 0, 17, 73529, 21.454
r: 0; m: 1; i_r: 0, 100, 5, 1.4, 1, 0, 11, 136909, 13.080
r: 0; m: 1; i_r: 0, 100, 5, 1.4, 1, 0, 14, 171000, 17.130
r: 0; m: 1; i_r: 0, 100, 5, 1.4, 1, 0, 12, 98833, 14.224
r: 0; m: 1; i_r: 0, 100, 5, 1.4, 1, 0, 12, 107333, 14.432
r: 0; m: 1; i_r: 0, 100, 5, 1.4, 1, 0, 10, 210600, 11.367
r: 0; m: 1; i_r: 0, 100, 5, 1.4, 1, 0, 14, 126000, 16.757
r: 0; m: 1; i_r: 0, 100, 5, 1.4, 0, 1, 20, 74600, 21.519
r: 0; m: 1; i_r: 0, 100, 5, 1.4, 1, 0, 18, 83444, 20.784
r: 0; m: 1; i_r: 0, 100, 5, 1.4, 0, 1, 20, 89600, 21.839
r: 0; m: 1; i_r: 0, 100, 5, 1.4, 1, 0, 11, 129818, 12.950
r: 0; m: 1; i_r: 0, 100, 5, 1.4, 1, 0, 10, 120800, 12.139
r: 0; m: 1; i_r: 0, 100, 5, 1.4, 1, 0, 17, 76824, 19.617
r: 0; m: 1; i_r: 0, 100, 5, 1.4, 0, 1, 20, 77800, 22.006
r: 0; m: 1; i_r: 0, 100, 5, 1.4, 1, 0, 10, 172000, 12.024
r: 0; m: 1; i_r: 0, 100, 5, 1.4, 1, 0, 9, 157333, 10.477
r: 0; m: 1; i_r: 0, 100, 5, 1.4, 1, 0, 8, 200000, 9.615
r: 0; m: 1; i_r: 0, 100, 5, 1.4, 1, 0, 7, 360571, 8.431
r: 0; m: 1; i_r: 0, 100, 5, 1.4, 1, 0, 9, 210222, 10.556
r: 0; m: 1; i_r: 0, 100, 5, 1.4, 1, 0, 16, 104000, 18.853
r: 0; m: 1; i_r: 0, 100, 5, 1.4, 1, 0, 7, 145429, 8.187
r: 0; m: 1; i_r: 0, 100, 5, 1.4, 1, 0, 14, 116000, 16.871
r: 0; m: 1; i_r: 0, 100, 5, 1.4, 1, 0, 11, 116727, 12.943
r: 0; m: 1; i_r: 0, 100, 5, 1.4, 1, 0, 9, 189778, 10.619
r: 0; m: 1; i_r: 0, 100, 5, 1.4, 1, 0, 10, 163800, 11.885
r: 0; m: 1; i_r: 0, 100, 5, 1.4, 1, 0, 6, 357000, 7.093
r: 0; m: 1; i_r: 0, 100, 5, 1.4, 1, 0, 18, 117222, 20.940
r: 0; m: 1; i_r: 0, 100, 5, 1.4, 1, 0, 18, 91556, 20.949
r: 0; m: 1; i_r: 0, 100, 5, 1.4, 1, 0, 10, 232000, 12.172
r: 0; m: 1; i_r: 0, 100, 5, 1.4, 1, 0, 13, 129846, 15.662
r: 0; m: 1; i_r: 0, 100, 5, 1.4, 1, 0, 7, 145143, 9.513
r: 0; m: 1; i_r: 0, 100, 5, 1.4, 1, 0, 15, 130667, 17.986
r: 0; m: 1; i_r: 0, 100, 5, 1.4, 1, 0, 15, 78400, 17.391
r: 0; m: 1; i_r: 0, 100, 5, 1.4, 1, 0, 10, 176200, 11.895
r: 0; m: 1; i_r: 0, 100, 5, 1.4, 1, 0, 10, 149600, 12.070
r: 0; m: 1; i_r: 0, 100, 5, 1.4, 1, 0, 14, 93571, 17.174
r: 0; m: 1; i_r: 0, 100, 5, 1.4, 1, 0, 7, 175143, 8.656
r: 0; m: 1; i_r: 0, 100, 5, 1.4, 1, 0, 10, 154400, 11.928
r: 0; m: 1; i_r: 0, 100, 5, 1.4, 1, 0, 18, 81222, 20.918
r: 0; m: 1; i_r: 0, 100, 5, 1.4, 1, 0, 4, 528500, 4.985
r: 0; m: 1; i_r: 0, 100, 5, 1.4, 1, 0, 17, 88118, 19.970
r: 0; m: 1; i_r: 0, 100, 5, 1.4, 1, 0, 8, 144000, 9.640
r: 0; m: 1; i_r: 0, 100, 5, 1.4, 1, 0, 11, 106909, 13.437
r: 0; m: 1; i_r: 0, 100, 5, 1.4, 1, 0, 16, 130250, 19.165
r: 0; m: 1; i_r: 0, 100, 5, 1.4, 1, 0, 15, 94933, 18.138
r: 0; m: 1; i_r: 0, 100, 5, 1.4, 1, 0, 10, 178400, 12.289
r: 0; m: 1; i_r: 0, 100, 5, 1.4, 1, 0, 13, 147692, 15.195
r: 0; m: 1; i_r: 0, 100, 5, 1.4, 1, 0, 13, 113077, 15.298
r: 0; m: 1; i_r: 0, 100, 5, 1.4, 1, 0, 13, 110308, 15.401
r: 0; m: 1; i_r: 0, 100, 5, 1.4, 1, 0, 9, 237111, 10.970
r: 0; m: 1; i_r: 0, 100, 5, 1.4, 1, 0, 7, 278571, 8.412
r: 0; m: 1; i_r: 0, 100, 5, 1.4, 0, 1, 20, 44300, 22.677
r: 0; m: 1; i_r: 0, 100, 5, 1.4, 1, 0, 7, 295714, 8.160
r: 0; m: 1; i_r: 0, 100, 5, 1.4, 1, 0, 11, 132182, 13.101
r: 0; m: 1; i_r: 0, 100, 5, 1.4, 1, 0, 9, 195111, 10.762
r: 0; m: 1; i_r: 0, 100, 5, 1.4, 1, 0, 9, 121778, 10.583
r: 0; m: 1; i_r: 0, 100, 5, 1.4, 1, 0, 10, 125200, 12.035
r: 0; m: 1; i_r: 0, 100, 5, 1.4, 1, 0, 14, 89286, 16.732
r: 0; m: 1; i_r: 0, 100, 5, 1.4, 1, 0, 7, 277143, 8.379
r: 0; m: 1; i_r: 0, 100, 5, 1.4, 0, 1, 20, 46300, 21.410
r: 0; m: 1; i_r: 0, 100, 5, 1.4, 0, 1, 20, 68200, 21.931
r: 0; m: 1; i_r: 0, 100, 5, 1.4, 1, 0, 10, 168800, 12.027
r: 0; m: 1; i_r: 0, 100, 5, 1.4, 0, 1, 20, 52000, 23.521
r: 0; m: 1; i_r: 0, 100, 5, 1.4, 1, 0, 7, 233714, 8.061
r: 0; m: 1; i_r: 0, 100, 5, 1.4, 1, 0, 9, 126889, 10.719
r: 0; m: 1; i_r: 0, 100, 5, 1.4, 1, 0, 9, 160889, 10.758
r: 0; m: 1; i_r: 0, 100, 5, 1.4, 1, 0, 19, 66947, 21.435
r: 0; m: 1; i_r: 0, 100, 5, 1.4, 1, 0, 16, 74000, 18.828
r: 0; m: 1; i_r: 0, 100, 5, 1.4, 1, 0, 12, 114000, 14.007
r: 0; m: 1; i_r: 0, 100, 5, 1.4, 1, 0, 11, 169818, 13.089
r: 0; m: 1; i_r: 0, 100, 5, 1.4, 0, 1, 20, 57900, 21.653
r: 0; m: 1; i_r: 0, 100, 5, 1.4, 1, 0, 5, 304000, 5.960
r: 0; m: 1; i_r: 0, 100, 5, 1.4, 1, 0, 9, 217778, 10.609
r: 0; m: 1; i_r: 0, 100, 5, 1.4, 1, 0, 11, 134364, 13.122
r: 0; m: 1; i_r: 0, 100, 5, 1.4, 0, 1, 20, 48300, 21.412
r: 0; m: 1; i_r: 0, 100, 5, 1.4, 1, 0, 7, 241429, 8.340
r: 0; m: 1; i_r: 0, 100, 5, 1.4, 1, 0, 12, 129333, 14.303
r: 0; m: 1; i_r: 0, 100, 5, 1.4, 1, 0, 13, 122000, 15.330
r: 0; m: 1; i_r: 0, 100, 5, 1.4, 1, 0, 12, 98000, 14.973
r: 0; m: 1; i_r: 0, 100, 5, 1.4, 0, 1, 20, 55000, 22.064
r: 1; m: 10; i_r: 5, 100, 5, 1.4, 1, 0, 14, 147714, 16.273
r: 1; m: 10; i_r: 5, 100, 5, 1.4, 1, 0, 3, 1286667, 3.678
r: 1; m: 10; i_r: 5, 100, 5, 1.4, 1, 0, 16, 137500, 19.063
r: 1; m: 10; i_r: 5, 100, 5, 1.4, 1, 0, 16, 117500, 18.888
r: 1; m: 10; i_r: 5, 100, 5, 1.4, 0, 1, 20, 85000, 21.412
r: 1; m: 10; i_r: 5, 100, 5, 1.4, 1, 0, 9, 133111, 10.159
r: 1; m: 10; i_r: 5, 100, 5, 1.4, 1, 0, 4, 357500, 4.541
r: 1; m: 10; i_r: 5, 100, 5, 1.4, 1, 0, 16, 155125, 18.650
r: 1; m: 10; i_r: 5, 100, 5, 1.4, 1, 0, 17, 111294, 19.210
r: 1; m: 10; i_r: 5, 100, 5, 1.4, 1, 0, 11, 170364, 12.951
r: 1; m: 10; i_r: 5, 100, 5, 1.4, 1, 0, 20, 108000, 21.823
r: 1; m: 10; i_r: 5, 100, 5, 1.4, 1, 0, 15, 79333, 17.662
r: 1; m: 10; i_r: 5, 100, 5, 1.4, 1, 0, 20, 91600, 21.493
r: 1; m: 10; i_r: 5, 100, 5, 1.4, 1, 0, 7, 272571, 8.274
r: 1; m: 10; i_r: 5, 100, 5, 1.4, 1, 0, 5, 674000, 5.610
r: 1; m: 10; i_r: 5, 100, 5, 1.4, 1, 0, 8, 298000, 9.030
r: 1; m: 10; i_r: 5, 100, 5, 1.4, 0, 1, 20, 55900, 20.936
r: 1; m: 10; i_r: 5, 100, 5, 1.4, 1, 0, 8, 244750, 9.451
r: 1; m: 10; i_r: 5, 100, 5, 1.4, 0, 1, 20, 69300, 21.705
r: 1; m: 10; i_r: 5, 100, 5, 1.4, 0, 1, 20, 57600, 21.837
r: 1; m: 10; i_r: 5, 100, 5, 1.4, 1, 0, 15, 123200, 24.019
r: 1; m: 10; i_r: 5, 100, 5, 1.4, 1, 0, 18, 84889, 23.778
r: 1; m: 10; i_r: 5, 100, 5, 1.4, 1, 0, 9, 206444, 11.612
r: 1; m: 10; i_r: 5, 100, 5, 1.4, 1, 0, 9, 132000, 11.109
r: 1; m: 10; i_r: 5, 100, 5, 1.4, 0, 1, 20, 77400, 24.378
r: 1; m: 10; i_r: 5, 100, 5, 1.4, 1, 0, 8, 157750, 9.343
r: 1; m: 10; i_r: 5, 100, 5, 1.4, 1, 0, 20, 73500, 27.089
r: 1; m: 10; i_r: 5, 100, 5, 1.4, 0, 1, 20, 68900, 23.795
r: 1; m: 10; i_r: 5, 100, 5, 1.4, 1, 0, 6, 509333, 7.832
r: 1; m: 10; i_r: 5, 100, 5, 1.4, 1, 0, 10, 165600, 12.720
r: 1; m: 10; i_r: 5, 100, 5, 1.4, 1, 0, 6, 401000, 7.367
r: 1; m: 10; i_r: 5, 100, 5, 1.4, 1, 0, 18, 113000, 22.131
r: 1; m: 10; i_r: 5, 100, 5, 1.4, 1, 0, 10, 160200, 11.714
r: 1; m: 10; i_r: 5, 100, 5, 1.4, 1, 0, 9, 134000, 10.621
r: 1; m: 10; i_r: 5, 100, 5, 1.4, 1, 0, 10, 162600, 12.369
r: 1; m: 10; i_r: 5, 100, 5, 1.4, 1, 0, 18, 100556, 20.856
r: 1; m: 10; i_r: 5, 100, 5, 1.4, 1, 0, 8, 264500, 9.679
r: 1; m: 10; i_r: 5, 100, 5, 1.4, 1, 0, 12, 99000, 14.160
r: 1; m: 10; i_r: 5, 100, 5, 1.4, 1, 0, 9, 232889, 11.684
r: 1; m: 10; i_r: 5, 100, 5, 1.4, 1, 0, 19, 94421, 21.281
r: 1; m: 10; i_r: 5, 100, 5, 1.4, 1, 0, 6, 193333, 7.548
r: 1; m: 10; i_r: 5, 100, 5, 1.4, 1, 0, 18, 88556, 20.959
r: 1; m: 10; i_r: 5, 100, 5, 1.4, 1, 0, 10, 145000, 12.132
r: 1; m: 10; i_r: 5, 100, 5, 1.4, 1, 0, 8, 220000, 9.842
r: 1; m: 10; i_r: 5, 100, 5, 1.4, 1, 0, 10, 201400, 11.973
r: 1; m: 10; i_r: 5, 100, 5, 1.4, 1, 0, 12, 109833, 14.278
r: 1; m: 10; i_r: 5, 100, 5, 1.4, 1, 0, 9, 220000, 10.807
r: 1; m: 10; i_r: 5, 100, 5, 1.4, 0, 1, 20, 67600, 21.984
r: 1; m: 10; i_r: 5, 100, 5, 1.4, 0, 1, 20, 88600, 22.755
r: 1; m: 10; i_r: 5, 100, 5, 1.4, 1, 0, 18, 72444, 22.318
r: 1; m: 10; i_r: 5, 100, 5, 1.4, 1, 0, 12, 150333, 14.702
r: 1; m: 10; i_r: 5, 100, 5, 1.4, 1, 0, 13, 131538, 15.950
r: 1; m: 10; i_r: 5, 100, 5, 1.4, 1, 0, 11, 167273, 13.112
r: 1; m: 10; i_r: 5, 100, 5, 1.4, 1, 0, 7, 247714, 8.940
r: 1; m: 10; i_r: 5, 100, 5, 1.4, 1, 0, 16, 80500, 19.901
r: 1; m: 10; i_r: 5, 100, 5, 1.4, 0, 1, 20, 102300, 22.510
r: 1; m: 10; i_r: 5, 100, 5, 1.4, 1, 0, 11, 130364, 13.936
r: 1; m: 10; i_r: 5, 100, 5, 1.4, 1, 0, 8, 223250, 10.307
r: 1; m: 10; i_r: 5, 100, 5, 1.4, 1, 0, 17, 80824, 21.242
r: 1; m: 10; i_r: 5, 100, 5, 1.4, 1, 0, 12, 113833, 14.833
r: 1; m: 10; i_r: 5, 100, 5, 1.4, 1, 0, 13, 106308, 16.308
r: 1; m: 10; i_r: 5, 100, 5, 1.4, 1, 0, 9, 170667, 10.869
r: 1; m: 10; i_r: 5, 100, 5, 1.4, 1, 0, 12, 93167, 14.590
r: 1; m: 10; i_r: 5, 100, 5, 1.4, 1, 0, 10, 112800, 10.976
r: 1; m: 10; i_r: 5, 100, 5, 1.4, 1, 0, 17, 132118, 20.482
r: 1; m: 10; i_r: 5, 100, 5, 1.4, 1, 0, 12, 103333, 14.376
r: 1; m: 10; i_r: 5, 100, 5, 1.4, 1, 0, 10, 202800, 12.034
r: 1; m: 10; i_r: 5, 100, 5, 1.4, 1, 0, 9, 169333, 11.134
r: 1; m: 10; i_r: 5, 100, 5, 1.4, 1, 0, 13, 121385, 15.840
r: 1; m: 10; i_r: 5, 100, 5, 1.4, 1, 0, 14, 178714, 18.595
r: 1; m: 10; i_r: 5, 100, 5, 1.4, 1, 0, 10, 418400, 11.499
r: 1; m: 10; i_r: 5, 100, 5, 1.4, 1, 0, 4, 433500, 4.868
r: 1; m: 10; i_r: 5, 100, 5, 1.4, 1, 0, 5, 474400, 6.407
r: 1; m: 10; i_r: 5, 100, 5, 1.4, 1, 0, 9, 325111, 11.692
r: 1; m: 10; i_r: 5, 100, 5, 1.4, 1, 0, 6, 383333, 7.774
r: 1; m: 10; i_r: 5, 100, 5, 1.4, 0, 1, 20, 90700, 22.330
r: 1; m: 10; i_r: 5, 100, 5, 1.4, 1, 0, 10, 171800, 12.428
r: 1; m: 10; i_r: 5, 100, 5, 1.4, 1, 0, 17, 96353, 20.414
r: 1; m: 10; i_r: 5, 100, 5, 1.4, 0, 1, 20, 53400, 23.330
r: 1; m: 10; i_r: 5, 100, 5, 1.4, 1, 0, 13, 123846, 16.479
r: 1; m: 10; i_r: 5, 100, 5, 1.4, 1, 0, 6, 244667, 7.567
r: 1; m: 10; i_r: 5, 100, 5, 1.4, 1, 0, 19, 69474, 23.427
r: 1; m: 10; i_r: 5, 100, 5, 1.4, 0, 1, 20, 59000, 23.554
r: 1; m: 10; i_r: 5, 100, 5, 1.4, 1, 0, 6, 240000, 7.035
r: 1; m: 10; i_r: 5, 100, 5, 1.4, 1, 0, 9, 129556, 10.522
r: 1; m: 10; i_r: 5, 100, 5, 1.4, 1, 0, 12, 155833, 14.015
r: 1; m: 10; i_r: 5, 100, 5, 1.4, 1, 0, 13, 130308, 15.302
r: 1; m: 10; i_r: 5, 100, 5, 1.4, 1, 0, 10, 126400, 11.503
r: 1; m: 10; i_r: 5, 100, 5, 1.4, 1, 0, 13, 121692, 14.947
r: 1; m: 10; i_r: 5, 100, 5, 1.4, 1, 0, 11, 178727, 12.438
r: 1; m: 10; i_r: 5, 100, 5, 1.4, 1, 0, 6, 365333, 6.862
r: 1; m: 10; i_r: 5, 100, 5, 1.4, 1, 0, 12, 135167, 14.139
r: 1; m: 10; i_r: 5, 100, 5, 1.4, 1, 0, 12, 125667, 13.883
r: 1; m: 10; i_r: 5, 100, 5, 1.4, 1, 0, 18, 72556, 21.006
r: 1; m: 10; i_r: 5, 100, 5, 1.4, 1, 0, 16, 108625, 18.906
r: 1; m: 10; i_r: 5, 100, 5, 1.4, 1, 0, 9, 262000, 10.845
r: 1; m: 10; i_r: 5, 100, 5, 1.4, 1, 0, 12, 128500, 14.087
r: 1; m: 10; i_r: 5, 100, 5, 1.4, 0, 1, 20, 98500, 21.955
r: 1; m: 10; i_r: 5, 100, 5, 1.4, 1, 0, 12, 126833, 28.532
r: 1; m: 10; i_r: 5, 100, 5, 1.4, 1, 0, 8, 224500, 13.735
DL_outcome_labels, 100, 5, 1.4, 0, 3, 20, 9300, 26.539
DL_outcome_labels, 100, 5, 1.4, 0, 3, 20, 12300, 24.080
DL_outcome_labels, 100, 5, 1.4, 0, 3, 20, 16700, 24.139
DL_outcome_labels, 100, 5, 1.4, 0, 2, 20, 28700, 24.108
DL_outcome_labels, 100, 5, 1.4, 0, 3, 20, 12700, 25.247
DL_outcome_labels, 100, 5, 1.4, 0, 3, 20, 20000, 26.116
DL_outcome_labels, 100, 5, 1.4, 0, 3, 20, 14800, 25.004
DL_outcome_labels, 100, 5, 1.4, 0, 3, 20, 12600, 26.577
DL_outcome_labels, 100, 5, 1.4, 0, 2, 20, 57200, 28.318
DL_outcome_labels, 100, 5, 1.4, 0, 3, 20, 22600, 31.508
DL_outcome_labels, 100, 5, 1.4, 0, 2, 20, 27300, 24.309
DL_outcome_labels, 100, 5, 1.4, 1, 0, 15, 123333, 21.439
DL_outcome_labels, 100, 5, 1.4, 0, 3, 20, 13600, 25.516
DL_outcome_labels, 100, 5, 1.4, 0, 3, 20, 23100, 24.085
DL_outcome_labels, 100, 5, 1.4, 0, 1, 20, 54000, 23.208
DL_outcome_labels, 100, 5, 1.4, 0, 2, 20, 43800, 24.357
DL_outcome_labels, 100, 5, 1.4, 0, 1, 20, 48000, 41.174
DL_outcome_labels, 100, 5, 1.4, 1, 0, 11, 130727, 24.250
DL_outcome_labels, 100, 5, 1.4, 0, 2, 20, 34000, 36.023
DL_outcome_labels, 100, 5, 1.4, 0, 2, 20, 31000, 26.150
DL_outcome_labels, 100, 5, 1.4, 0, 2, 20, 29700, 27.007
DL_outcome_labels, 100, 5, 1.4, 0, 2, 20, 37700, 26.970
DL_outcome_labels, 100, 5, 1.4, 0, 2, 20, 29500, 24.983
DL_outcome_labels, 100, 5, 1.4, 1, 0, 17, 100588, 24.711
DL_outcome_labels, 100, 5, 1.4, 0, 3, 20, 35400, 27.095
DL_outcome_labels, 100, 5, 1.4, 1, 0, 15, 87467, 20.840
DL_outcome_labels, 100, 5, 1.4, 0, 3, 20, 9600, 25.083
DL_outcome_labels, 100, 5, 1.4, 1, 0, 10, 126400, 14.509
DL_outcome_labels, 100, 5, 1.4, 0, 3, 20, 14600, 25.954
DL_outcome_labels, 100, 5, 1.4, 0, 1, 20, 45200, 25.511
DL_outcome_labels, 100, 5, 1.4, 0, 2, 20, 36300, 25.181
DL_outcome_labels, 100, 5, 1.4, 0, 2, 20, 138700, 25.764
DL_outcome_labels, 100, 5, 1.4, 0, 3, 20, 11200, 25.442
DL_outcome_labels, 100, 5, 1.4, 0, 1, 20, 104700, 25.218
DL_outcome_labels, 100, 5, 1.4, 0, 2, 20, 42400, 25.147
DL_outcome_labels, 100, 5, 1.4, 0, 2, 20, 27800, 29.685
DL_outcome_labels, 100, 5, 1.4, 0, 2, 20, 35500, 26.137
DL_outcome_labels, 100, 5, 1.4, 0, 2, 20, 47100, 24.704
DL_outcome_labels, 100, 5, 1.4, 0, 3, 20, 20200, 26.455
DL_outcome_labels, 100, 5, 1.4, 1, 0, 16, 126375, 22.503
DL_outcome_labels, 100, 5, 1.4, 0, 3, 20, 12300, 26.544
DL_outcome_labels, 100, 5, 1.4, 0, 1, 20, 112500, 27.299
DL_outcome_labels, 100, 5, 1.4, 1, 0, 19, 104316, 25.037
DL_outcome_labels, 100, 5, 1.4, 1, 0, 17, 86706, 23.385
DL_outcome_labels, 100, 5, 1.4, 1, 0, 12, 134500, 17.196
DL_outcome_labels, 100, 5, 1.4, 0, 3, 20, 20000, 25.990
DL_outcome_labels, 100, 5, 1.4, 0, 3, 20, 11800, 26.318
DL_outcome_labels, 100, 5, 1.4, 0, 1, 20, 54400, 27.923
DL_outcome_labels, 100, 5, 1.4, 1, 0, 16, 98625, 23.463
DL_outcome_labels, 100, 5, 1.4, 0, 2, 20, 60600, 25.890
DL_outcome_labels, 100, 5, 1.4, 0, 3, 20, 19800, 25.507
DL_outcome_labels, 100, 5, 1.4, 0, 2, 20, 30200, 25.852
DL_outcome_labels, 100, 5, 1.4, 0, 2, 20, 29000, 25.295
DL_outcome_labels, 100, 5, 1.4, 0, 2, 20, 45700, 25.427
DL_outcome_labels, 100, 5, 1.4, 1, 0, 13, 174462, 18.103
DL_outcome_labels, 100, 5, 1.4, 0, 2, 20, 31200, 25.054
DL_outcome_labels, 100, 5, 1.4, 0, 2, 20, 65100, 25.086
DL_outcome_labels, 100, 5, 1.4, 0, 3, 20, 18200, 25.271
DL_outcome_labels, 100, 5, 1.4, 0, 2, 20, 42500, 27.146
DL_outcome_labels, 100, 5, 1.4, 0, 2, 20, 44500, 26.550
DL_outcome_labels, 100, 5, 1.4, 1, 0, 18, 87778, 27.870
DL_outcome_labels, 100, 5, 1.4, 0, 3, 20, 15300, 26.424
DL_outcome_labels, 100, 5, 1.4, 1, 0, 13, 164308, 18.652
DL_outcome_labels, 100, 5, 1.4, 0, 3, 20, 15700, 29.762
DL_outcome_labels, 100, 5, 1.4, 0, 3, 20, 14100, 30.201
DL_outcome_labels, 100, 5, 1.4, 0, 2, 20, 25100, 29.580
DL_outcome_labels, 100, 5, 1.4, 0, 3, 20, 18400, 27.155
DL_outcome_labels, 100, 5, 1.4, 1, 0, 13, 113077, 19.334
DL_outcome_labels, 100, 5, 1.4, 0, 2, 20, 62400, 26.577
DL_outcome_labels, 100, 5, 1.4, 0, 2, 20, 32800, 41.910
DL_outcome_labels, 100, 5, 1.4, 1, 0, 11, 184000, 17.589
DL_outcome_labels, 100, 5, 1.4, 0, 3, 20, 13300, 26.769
DL_outcome_labels, 100, 5, 1.4, 0, 2, 20, 55600, 26.562
DL_outcome_labels, 100, 5, 1.4, 0, 2, 20, 32800, 26.986
DL_outcome_labels, 100, 5, 1.4, 1, 0, 12, 161500, 18.328
DL_outcome_labels, 100, 5, 1.4, 0, 3, 20, 14100, 25.793
DL_outcome_labels, 100, 5, 1.4, 1, 0, 15, 85733, 22.547
DL_outcome_labels, 100, 5, 1.4, 0, 3, 20, 18600, 25.578
DL_outcome_labels, 100, 5, 1.4, 0, 3, 20, 15700, 25.728
DL_outcome_labels, 100, 5, 1.4, 1, 0, 19, 88842, 25.242
DL_outcome_labels, 100, 5, 1.4, 0, 2, 20, 66600, 25.660
DL_outcome_labels, 100, 5, 1.4, 0, 2, 20, 36900, 26.737
DL_outcome_labels, 100, 5, 1.4, 0, 3, 20, 25500, 26.003
DL_outcome_labels, 100, 5, 1.4, 0, 2, 20, 30200, 25.637
DL_outcome_labels, 100, 5, 1.4, 0, 1, 20, 127000, 26.805
DL_outcome_labels, 100, 5, 1.4, 0, 1, 20, 44400, 28.759
DL_outcome_labels, 100, 5, 1.4, 0, 2, 20, 26900, 25.693
DL_outcome_labels, 100, 5, 1.4, 1, 0, 20, 76900, 23.459
DL_outcome_labels, 100, 5, 1.4, 0, 3, 20, 21000, 24.524
DL_outcome_labels, 100, 5, 1.4, 0, 3, 20, 16000, 23.572
DL_outcome_labels, 100, 5, 1.4, 0, 3, 20, 20100, 23.594
DL_outcome_labels, 100, 5, 1.4, 1, 0, 9, 142889, 11.902
DL_outcome_labels, 100, 5, 1.4, 0, 3, 20, 19500, 23.413
DL_outcome_labels, 100, 5, 1.4, 0, 3, 20, 12700, 23.488
DL_outcome_labels, 100, 5, 1.4, 0, 3, 20, 25000, 24.396
DL_outcome_labels, 100, 5, 1.4, 0, 2, 20, 28700, 24.268
DL_outcome_labels, 100, 5, 1.4, 0, 3, 20, 9300, 24.493
No_eval_function, 100, 20, 1.4, 0, 2, 20, 38200
No_eval_function, 100, 20, 1.4, 0, 3, 20, 12700
No_eval_function, 100, 20, 1.4, 0, 3, 20, 12500
No_eval_function, 100, 20, 1.4, 1, 0, 10, 223200.0
No_eval_function, 100, 20, 1.4, 1, 0, 15, 96133.33333333334
No_eval_function, 100, 20, 1.4, 0, 1, 20, 103000
No_eval_function, 100, 20, 1.4, 0, 2, 20, 29700
No_eval_function, 100, 20, 1.4, 0, 1, 20, 67000
No_eval_function, 100, 20, 1.4, 1, 0, 6, 256000.0
No_eval_function, 100, 20, 1.4, 0, 3, 20, 13200
No_eval_function, 100, 20, 1.4, 0, 3, 20, 10500
No_eval_function, 100, 20, 1.4, 1, 0, 16, 87125.0
No_eval_function, 100, 20, 1.4, 0, 3, 20, 24700
No_eval_function, 100, 20, 1.4, 0, 1, 20, 41000
No_eval_function, 100, 20, 1.4, 0, 2, 20, 45100
No_eval_function, 100, 20, 1.4, 1, 0, 19, 114210.52631578947
No_eval_function, 100, 20, 1.4, 0, 2, 20, 51200
No_eval_function, 100, 20, 1.4, 1, 0, 10, 186800.0
No_eval_function, 100, 20, 1.4, 1, 0, 13, 120461.53846153847
No_eval_function, 100, 20, 1.4, 0, 2, 20, 29300
No_eval_function, 100, 20, 1.4, 0, 3, 20, 15600
No_eval_function, 100, 20, 1.4, 0, 2, 20, 61600
No_eval_function, 100, 20, 1.4, 0, 3, 20, 14100
No_eval_function, 100, 20, 1.4, 1, 0, 10, 139200.0
No_eval_function, 100, 20, 1.4, 0, 1, 20, 83800
No_eval_function, 100, 20, 1.4, 0, 2, 20, 31100
No_eval_function, 100, 20, 1.4, 1, 0, 19, 76526.31578947368
No_eval_function, 100, 20, 1.4, 1, 0, 13, 89230.76923076923
No_eval_function, 100, 20, 1.4, 0, 3, 20, 22800
No_eval_function, 100, 20, 1.4, 0, 3, 20, 15800
No_eval_function, 100, 20, 1.4, 0, 3, 20, 9400
No_eval_function, 100, 20, 1.4, 0, 2, 20, 33600
No_eval_function, 100, 20, 1.4, 1, 0, 9, 198666.6666666667
No_eval_function, 100, 20, 1.4, 1, 0, 15, 122266.66666666666
No_eval_function, 100, 20, 1.4, 0, 2, 20, 28200
No_eval_function, 100, 20, 1.4, 1, 0, 15, 100133.33333333334
No_eval_function, 100, 20, 1.4, 0, 3, 20, 14700
No_eval_function, 100, 20, 1.4, 0, 2, 20, 35900
No_eval_function, 100, 20, 1.4, 1, 0, 13, 135846.15384615384
No_eval_function, 100, 20, 1.4, 0, 2, 20, 32900
No_eval_function, 100, 20, 1.4, 0, 2, 20, 33700
No_eval_function, 100, 20, 1.4, 0, 3, 20, 10800
No_eval_function, 100, 20, 1.4, 1, 0, 12, 127000.0
No_eval_function, 100, 20, 1.4, 0, 2, 20, 51000
No_eval_function, 100, 20, 1.4, 1, 0, 7, 205142.85714285713
No_eval_function, 100, 20, 1.4, 0, 3, 20, 14500
No_eval_function, 100, 20, 1.4, 0, 3, 20, 12700
No_eval_function, 100, 20, 1.4, 0, 3, 20, 22300
No_eval_function, 100, 20, 1.4, 0, 3, 20, 19700
No_eval_function, 100, 20, 1.4, 0, 2, 20, 32100
No_eval_function, 100, 20, 1.4, 0, 3, 20, 8000
No_eval_function, 100, 20, 1.4, 0, 2, 20, 47700
No_eval_function, 100, 20, 1.4, 0, 2, 20, 38000
No_eval_function, 100, 20, 1.4, 0, 2, 20, 32100
No_eval_function, 100, 20, 1.4, 1, 0, 14, 129000.0
No_eval_function, 100, 20, 1.4, 0, 3, 20, 17300
No_eval_function, 100, 20, 1.4, 1, 0, 17, 130941.17647058824
No_eval_function, 100, 20, 1.4, 1, 0, 12, 104166.66666666666
No_eval_function, 100, 20, 1.4, 0, 2, 20, 45700
No_eval_function, 100, 20, 1.4, 1, 0, 16, 99875.0
No_eval_function, 100, 20, 1.4, 0, 2, 20, 37600
No_eval_function, 100, 20, 1.4, 0, 3, 20, 12800
No_eval_function, 100, 20, 1.4, 1, 0, 14, 141142.85714285716
No_eval_function, 100, 20, 1.4, 0, 2, 20, 31700
No_eval_function, 100, 20, 1.4, 1, 0, 19, 82947.36842105263
No_eval_function, 100, 20, 1.4, 0, 1, 20, 41600
No_eval_function, 100, 20, 1.4, 1, 0, 16, 167375.0
No_eval_function, 100, 20, 1.4, 1, 0, 12, 151166.66666666666
No_eval_function, 100, 20, 1.4, 0, 2, 20, 30400
No_eval_function, 100, 20, 1.4, 0, 2, 20, 30800
No_eval_function, 100, 20, 1.4, 0, 2, 20, 31600
No_eval_function, 100, 20, 1.4, 0, 2, 20, 47700
No_eval_function, 100, 20, 1.4, 0, 2, 20, 30900
No_eval_function, 100, 20, 1.4, 0, 3, 20, 18300
No_eval_function, 100, 20, 1.4, 0, 2, 20, 54700
No_eval_function, 100, 20, 1.4, 0, 3, 20, 13200
No_eval_function, 100, 20, 1.4, 0, 3, 20, 13900
No_eval_function, 100, 20, 1.4, 1, 0, 18, 98888.88888888889
No_eval_function, 100, 20, 1.4, 0, 3, 20, 13500
No_eval_function, 100, 20, 1.4, 0, 2, 20, 39500
No_eval_function, 100, 20, 1.4, 0, 2, 20, 28900
No_eval_function, 100, 20, 1.4, 0, 3, 20, 17800
No_eval_function, 100, 20, 1.4, 0, 3, 20, 18700
No_eval_function, 100, 20, 1.4, 1, 0, 13, 109384.61538461539
No_eval_function, 100, 20, 1.4, 1, 0, 20, 73200.0
No_eval_function, 100, 20, 1.4, 0, 2, 20, 27100
No_eval_function, 100, 20, 1.4, 1, 0, 14, 83571.42857142858
No_eval_function, 100, 20, 1.4, 0, 2, 20, 40800
No_eval_function, 100, 20, 1.4, 1, 0, 18, 65666.66666666667
No_eval_function, 100, 20, 1.4, 0, 3, 20, 27000
No_eval_function, 100, 20, 1.4, 1, 0, 19, 68631.57894736843
No_eval_function, 100, 20, 1.4, 1, 0, 9, 121555.55555555555
No_eval_function, 100, 20, 1.4, 1, 0, 7, 374285.7142857143
No_eval_function, 100, 20, 1.4, 0, 1, 20, 59800
No_eval_function, 100, 20, 1.4, 0, 2, 20, 37400
No_eval_function, 100, 20, 1.4, 0, 2, 20, 39100
No_eval_function, 100, 20, 1.4, 1, 0, 14, 115142.85714285714
No_eval_function, 100, 20, 1.4, 0, 1, 20, 61700
No_eval_function, 100, 20, 1.4, 0, 3, 20, 14700
No_eval_function, 100, 20, 1.4, 0, 2, 20, 64900
r: 0; m: 1; i_r: 0, 100, 5, 1.4, 1, 0, 18, 86444, 21.147
r: 0; m: 1; i_r: 0, 100, 5, 1.4, 1, 0, 8, 191750, 9.882
r: 0; m: 1; i_r: 0, 100, 5, 1.4, 0, 1, 20, 107800, 23.170
r: 0; m: 1; i_r: 0, 100, 5, 1.4, 1, 0, 15, 135200, 19.285
r: 0; m: 1; i_r: 0, 100, 5, 1.4, 1, 0, 14, 112286, 17.570
r: 0; m: 1; i_r: 0, 100, 5, 1.4, 1, 0, 18, 125667, 21.842
r: 0; m: 1; i_r: 0, 100, 5, 1.4, 1, 0, 14, 98143, 19.755
r: 0; m: 1; i_r: 0, 100, 5, 1.4, 1, 0, 13, 132308, 17.049
r: 0; m: 1; i_r: 0, 100, 5, 1.4, 1, 0, 15, 101600, 20.340
r: 0; m: 1; i_r: 0, 100, 5, 1.4, 1, 0, 15, 84400, 19.462
r: 0; m: 1; i_r: 0, 100, 5, 1.4, 1, 0, 16, 74625, 20.084
r: 0; m: 1; i_r: 0, 100, 5, 1.4, 1, 0, 8, 154500, 10.523
r: 0; m: 1; i_r: 0, 100, 5, 1.4, 1, 0, 6, 185333, 7.559
r: 0; m: 1; i_r: 0, 100, 5, 1.4, 1, 0, 14, 80143, 19.436
r: 0; m: 1; i_r: 0, 100, 5, 1.4, 1, 0, 8, 233750, 11.058
r: 0; m: 1; i_r: 0, 100, 5, 1.4, 1, 0, 12, 136500, 16.723
r: 0; m: 1; i_r: 0, 100, 5, 1.4, 1, 0, 4, 272500, 5.084
r: 0; m: 1; i_r: 0, 100, 5, 1.4, 1, 0, 8, 141000, 11.149
r: 0; m: 1; i_r: 0, 100, 5, 1.4, 1, 0, 11, 114000, 15.091
r: 0; m: 1; i_r: 0, 100, 5, 1.4, 1, 0, 8, 230000, 9.896
r: 0; m: 1; i_r: 0, 100, 5, 1.4, 1, 0, 10, 110400, 12.084
r: 0; m: 1; i_r: 0, 100, 5, 1.4, 1, 0, 13, 136462, 17.560
r: 0; m: 1; i_r: 0, 100, 5, 1.4, 1, 0, 9, 217778, 11.621
r: 0; m: 1; i_r: 0, 100, 5, 1.4, 1, 0, 18, 88667, 23.806
r: 0; m: 1; i_r: 0, 100, 5, 1.4, 1, 0, 13, 101846, 17.438
r: 0; m: 1; i_r: 0, 100, 5, 1.4, 0, 1, 20, 43000, 23.315
r: 0; m: 1; i_r: 0, 100, 5, 1.4, 1, 0, 11, 180364, 15.466
DL_outcome_labels, 100, 5, 1.4, 1, 0, 16, 76750, 23.213
DL_outcome_labels, 100, 5, 1.4, 0, 3, 20, 15500, 26.229
DL_outcome_labels, 100, 5, 1.4, 0, 2, 20, 28200, 26.961
Random, -, -, 1.4, 0, 3, 20, 12200, 0.076
Random, -, -, 1.4, 0, 3, 20, 17500, 0.073
Random, -, -, 1.4, 0, 2, 20, 29600, 0.067
Random, -, -, 1.4, 0, 3, 20, 12900, 0.067
Random, -, -, 1.4, 0, 1, 20, 50700, 0.071
Random, -, -, 1.4, 0, 2, 20, 34800, 0.061
Random, -, -, 1.4, 0, 3, 20, 12600, 0.067
Random, -, -, 1.4, 0, 2, 20, 31300, 0.079
Random, -, -, 1.4, 0, 3, 20, 13100, 0.066
Random, -, -, 1.4, 0, 2, 20, 28400, 0.059
Random, -, -, 1.4, 0, 3, 20, 23600, 0.070
Random, -, -, 1.4, 0, 2, 20, 67100, 0.064
Random, -, -, 1.4, 0, 2, 20, 28600, 0.062
Random, -, -, 1.4, 0, 2, 20, 36200, 0.077
Random, -, -, 1.4, 0, 2, 20, 30900, 0.064
Random, -, -, 1.4, 0, 2, 20, 26800, 0.063
Random, -, -, 1.4, 0, 1, 20, 57400, 0.066
Random, -, -, 1.4, 0, 3, 20, 17900, 0.074
Random, -, -, 1.4, 0, 2, 20, 26600, 0.062
Random, -, -, 1.4, 0, 3, 20, 13500, 0.060
Random, -, -, 1.4, 0, 2, 20, 39500, 0.067
Random, -, -, 1.4, 0, 2, 20, 28900, 0.072
Random, -, -, 1.4, 0, 3, 20, 16200, 0.068
Random, -, -, 1.4, 0, 3, 20, 9700, 0.059
Random, -, -, 1.4, 0, 1, 20, 78400, 0.069
Random, -, -, 1.4, 0, 1, 20, 50800, 0.072
Random, -, -, 1.4, 0, 2, 20, 28400, 0.061
Random, -, -, 1.4, 0, 3, 20, 14800, 0.063
Random, -, -, 1.4, 0, 2, 20, 55100, 0.069
Random, -, -, 1.4, 0, 1, 20, 53500, 0.076
Random, -, -, 1.4, 0, 1, 20, 46700, 0.060
Random, -, -, 1.4, 0, 2, 20, 63900, 0.062
Random, -, -, 1.4, 0, 2, 20, 65800, 0.068
Random, -, -, 1.4, 0, 3, 20, 11000, 0.077
Random, -, -, 1.4, 0, 3, 20, 14400, 0.061
Random, -, -, 1.4, 0, 2, 20, 30500, 0.061
Random, -, -, 1.4, 0, 3, 20, 18000, 0.062
Random, -, -, 1.4, 0, 2, 20, 64700, 0.094
Random, -, -, 1.4, 0, 2, 20, 26200, 0.061
Random, -, -, 1.4, 0, 2, 20, 33700, 0.065
Random, -, -, 1.4, 0, 2, 20, 36600, 0.071
Random, -, -, 1.4, 0, 2, 20, 46300, 0.079
Random, -, -, 1.4, 0, 3, 20, 31300, 0.064
Random, -, -, 1.4, 0, 2, 20, 26200, 0.060
Random, -, -, 1.4, 0, 3, 20, 16500, 0.061
Random, -, -, 1.4, 0, 3, 20, 11700, 0.070
Random, -, -, 1.4, 0, 2, 20, 35500, 0.063
Random, -, -, 1.4, 0, 2, 20, 26800, 0.067
Random, -, -, 1.4, 0, 1, 20, 45400, 0.062
Random, -, -, 1.4, 0, 1, 20, 73700, 0.071
Random, -, -, 1.4, 0, 3, 20, 20300, 0.068
Random, -, -, 1.4, 0, 2, 20, 26900, 0.061
Random, -, -, 1.4, 0, 1, 20, 41000, 0.062
Random, -, -, 1.4, 0, 2, 20, 31900, 0.071
Random, -, -, 1.4, 0, 3, 20, 25300, 0.067
Random, -, -, 1.4, 0, 2, 20, 54500, 0.069
Random, -, -, 1.4, 0, 2, 20, 69600, 0.062
Random, -, -, 1.4, 0, 2, 20, 27100, 0.073
Random, -, -, 1.4, 0, 3, 20, 11200, 0.062
Random, -, -, 1.4, 0, 2, 20, 38400, 0.064
Random, -, -, 1.4, 0, 2, 20, 63800, 0.072
Random, -, -, 1.4, 0, 3, 20, 12600, 0.062
Random, -, -, 1.4, 0, 1, 20, 67100, 0.073
Random, -, -, 1.4, 0, 3, 20, 9200, 0.060
Random, -, -, 1.4, 0, 2, 20, 28300, 0.073
Random, -, -, 1.4, 0, 2, 20, 38200, 0.067
Random, -, -, 1.4, 0, 3, 20, 41400, 0.066
Random, -, -, 1.4, 0, 3, 20, 17600, 0.078
Random, -, -, 1.4, 0, 3, 20, 13200, 0.070
Random, -, -, 1.4, 0, 3, 20, 19300, 0.069
Random, -, -, 1.4, 0, 2, 20, 34400, 0.066
Random, -, -, 1.4, 0, 2, 20, 48700, 0.079
Random, -, -, 1.4, 0, 2, 20, 32300, 0.063
Random, -, -, 1.4, 0, 2, 20, 26000, 0.064
Random, -, -, 1.4, 0, 2, 20, 70200, 0.071
Random, -, -, 1.4, 0, 3, 20, 12200, 0.063
Random, -, -, 1.4, 0, 2, 20, 31900, 0.063
Random, -, -, 1.4, 0, 3, 20, 14900, 0.080
Random, -, -, 1.4, 0, 3, 20, 15500, 0.065
Random, -, -, 1.4, 0, 3, 20, 10200, 0.066
Random, -, -, 1.4, 0, 2, 20, 28000, 0.074
Random, -, -, 1.4, 0, 2, 20, 46300, 0.064
Random, -, -, 1.4, 0, 3, 20, 16400, 0.065
Random, -, -, 1.4, 0, 1, 20, 68800, 0.072
Random, -, -, 1.4, 0, 2, 20, 50200, 0.070
Random, -, -, 1.4, 0, 1, 20, 69900, 0.070
Random, -, -, 1.4, 0, 2, 20, 34000, 0.072
Random, -, -, 1.4, 0, 1, 20, 55200, 0.066
Random, -, -, 1.4, 0, 1, 20, 46100, 0.063
Random, -, -, 1.4, 0, 3, 20, 19600, 0.079
Random, -, -, 1.4, 0, 2, 20, 89000, 0.066
Random, -, -, 1.4, 0, 3, 20, 21400, 0.074
Random, -, -, 1.4, 0, 3, 20, 10700, 0.071
Random, -, -, 1.4, 0, 2, 20, 35400, 0.066
Random, -, -, 1.4, 0, 1, 20, 57300, 0.063
Random, -, -, 1.4, 0, 2, 20, 32700, 0.075
Random, -, -, 1.4, 0, 3, 20, 11700, 0.066
Random, -, -, 1.4, 0, 1, 20, 43100, 0.063
Random, -, -, 1.4, 0, 3, 20, 7800, 0.074
Random, -, -, 1.4, 0, 3, 20, 12200, 0.066
Random, -, -, 1.4, 
Random, -, -, 1.4, 
Random, -, -, 1.4, 